시도,시군구,시설명,주소,전화번호,홈페이지,카테고리,latitude,longitude
서울,서초구,국립중앙도서관,서울특별시 서초구 반포대로 201 (반포동),02-535-4142,http://www.nl.go.kr,도서관,37.4971902,127.0033029
서울,영등포구,국회도서관,서울특별시 영등포구 의사당대로 1 (여의도동),02-788-4211,http://www.nanet.go.kr,도서관,37.5310813,126.9165501
서울,서초구,국립장애인도서관,서울특별시 서초구 반포대로 201 (반포동),02-3483-8857,http://nld.nl.go.kr/,도서관,37.4971902,127.0033029
서울,강남구,서울특별시교육청강남도서관,서울특별시 강남구 선릉로116길 45 삼성동서울특별시교육청강남도서관,02-3448-4741,https://gnlib.sen.go.kr,도서관,37.5136911,127.0470987
서울,강남구,서울특별시교육청개포도서관,서울특별시 강남구 선릉로4길 30 (개포동)서울특별시교육청 개포도서관,02-3460-8200,http://gplib.sen.go.kr,도서관,37.4830336,127.063861
서울,강동구,서울특별시교육청강동도서관,서울특별시 강동구 양재대로116길 57 (길동)강동도서관,02-2225-9800,https://gdlib.sen.go.kr,도서관,37.538569,127.1437597
서울,강동구,서울특별시교육청고덕평생학습관,서울특별시 강동구 고덕로295 (고덕평생학습관),02-6902-2600,http://gdllc.sen.go.kr,도서관,37.5562542,127.1577177
서울,강서구,서울특별시교육청강서도서관,서울특별시 강서구 등촌로51나길 29 (등촌동)강서도서관,02-3219-7000,http://gslib.sen.go.kr,도서관,37.5478513,126.8598964
서울,구로구,서울특별시교육청고척도서관,서울특별시 구로구 고척로45길 31 (고척동)고척로45길 31  (고척동),02-2680-2415,http://gclib.sen.go.kr,도서관,37.5059009,126.8531819
서울,구로구,서울특별시교육청구로도서관,서울특별시 구로구 공원로 15 (구로동)15 (서울시립구로도서관),02-6958-2800,http://grlib.sen.go.kr,도서관,37.4984305,126.8917021
서울,노원구,서울특별시교육청노원평생학습관,서울특별시 노원구 동일로204길 13 중계동노원평생학습관,02-979-1741,http://nwllc.sen.go.kr,도서관,37.639316,127.067753
서울,도봉구,서울특별시교육청도봉도서관,서울특별시 도봉구 삼양로 556 (쌍문동)도봉도서관,02-6714-7400,http://dblib.sen.go.kr,도서관,37.6586362,127.0391487
서울,동대문구,서울특별시교육청동대문도서관,서울특별시 동대문구 천호대로4길 22 (신설동)22 (동대문도서관),02-2170-1000,http://ddmlib.sen.go.kr,도서관,37.5734709,127.0247833
서울,동작구,서울특별시교육청동작도서관,서울특별시 동작구 장승배기로94 (서울특별시립 동작도서관),02-823-6419,http://djlib.sen.go.kr,도서관,37.5059284,126.9400583
서울,마포구,서울특별시교육청마포평생학습관,서울특별시 마포구 홍익로2길 16 (서교동)16 (마포평생학습관),02-2137-0000,https://mpllc.sen.go.kr,도서관,37.5542685,126.9242273
서울,마포구,서울특별시교육청마포평생학습관 아현분관,서울특별시 마포구 마포대로 224 (아현동)224 (마포평생학습관 아현분관),02-362-8785,http://ahyon.sen.go.kr,도서관,37.5541171,126.9569379
서울,서대문구,서울특별시교육청서대문도서관,서울특별시 서대문구 모래내로 412 연희동412,02-6948-2115,http://sdmlib.sen.go.kr,도서관,37.583403,126.9410335
서울,송파구,서울특별시교육청송파도서관,서울특별시 송파구 동남로 263(오금동 51),02-3434-3333,http://splib.sen.go.kr,도서관,37.5010097,127.134043
서울,양천구,서울특별시교육청양천도서관,서울특별시 양천구 목동서로 113 목동서울특별시교육청양천도서관,02-2062-3900,http://yclib.sen.go.kr,도서관,37.5336117,126.8762068
서울,영등포구,서울특별시교육청영등포평생학습관,서울특별시 영등포구 버드나루로15길 10 (당산동)10 (영등포평생학습관),02-6712-7500,http://ydpllc.sen.go.kr,도서관,37.5259702,126.9072585
서울,용산구,서울특별시교육청남산도서관,서울특별시 용산구 소월로 109 (후암동)109 (남산도서관),02-754-7338,http://nslib.sen.go.kr,도서관,37.549392,126.9762125
서울,용산구,서울특별시교육청용산도서관,서울특별시 용산구 두텁바위로 160 후암동160 용산도서관,02-6902-7723,http://yslib.sen.go.kr,도서관,37.5519102,126.9801391
서울,종로구,서울특별시교육청어린이도서관,서울특별시 종로구 사직로9길 7 (사직동)어린이도서관,02-731-2300,http://childlib.sen.go.kr,도서관,37.576478,126.967887
서울,종로구,서울특별시교육청정독도서관,서울특별시 종로구 북촌로5길 48 (화동)48 (정독도서관),02-2011-5799,http://jdlib.sen.go.kr,도서관,37.5807856,126.9831611
서울,종로구,서울특별시교육청종로도서관,서울특별시 종로구 사직로9길 15-14 (사직동)종로도서관,02-721-0709,http://jnlib.sen.go.kr,도서관,37.57645,126.966387
서울,강동구,명성교회도서관,서울특별시 강동구 명일동341-2,02-440-9140,http://www.mslib.or.kr,도서관,37.5468695,127.1462633
서울,송파구,가락몰도서관,서울특별시 송파구 양재대로 932 가락동가락몰 업무동 4층,02-3435-0950,http://www.splib.or.kr/spalib/,도서관,37.493116,127.1164539
서울,송파구,지샘터 올림픽공원도서관,서울특별시 송파구 올림픽로424 (올림픽공원) 스포츠비즈홀1층,02-2180-3578,http://lib.kspo.or.kr,도서관,37.5206868,127.1214941
서울,종로구,4.19 혁명기념 도서관,서울특별시 종로구 평동166,02-730-4190,http://library.419revolution.org,도서관,37.5673015,126.9676804
서울,중구,한국학생도서관,서울특별시 중구 동호로27길30 (한국학생회관),02-2275-0753,http://ksplibrary.co.kr,도서관,37.5606878,127.0021474
서울,강남구,강남구립 역삼푸른솔 도서관,서울특별시 강남구 테헤란로8길 36 (역삼동) 4층,02-2051-1178,https://library.gangnam.go.kr/ysplib/index.do,도서관,37.4964604,127.0320158
서울,강남구,강남구립못골도서관,서울특별시 강남구 자곡로 116 (자곡동),02-459-5522,http://library.gangnam.go.kr/mglib,도서관,37.4768479,127.1102818
서울,강남구,강남구립열린도서관,서울특별시 강남구 일원로 115 (일원동)삼성생명빌딩 B동 203호,02-3412-3970,https://library.gangnam.go.kr/yllib,도서관,37.4890175,127.0824833
서울,강남구,논현도서관,서울특별시 강남구 학동로43길 17 (논현동)논현2동주민센터 6층,02-3443-7650,https://library.gangnam.go.kr/nhlib/index.do,도서관,37.5172158,127.0371731
서울,강남구,대치도서관,"서울특별시 강남구 삼성로 212 (대치동, 은마아파트)복지상가 215호",02-565-6666,http://library.gangnam.go.kr/,도서관,37.49605736,127.0640605
서울,강남구,도곡정보문화도서관,서울특별시 강남구 도곡로18길 57 (도곡동),02-2176-0781,https://library.gangnam.go.kr/dogoklib,도서관,37.4882371,127.0392707
서울,강남구,못골한옥어린이도서관,서울특별시 강남구 자곡로7길 3 (자곡동),02-2226-5930,http://hchildlib.gangnam.go.kr,도서관,37.4790091,127.0993907
서울,강남구,역삼도서관,"서울특별시 강남구 역삼로7길 16 (역삼동), 5층",02-508-1139,https://library.gangnam.go.kr/yslib,도서관,37.495188,127.0332163
서울,강남구,정다운도서관,서울특별시 강남구 학동로67길11(청담평생학습관) 3층,02-512-9326,http://library.gangnam.go.kr,도서관,37.5190507,127.0464302
서울,강남구,즐거운도서관,"서울특별시 강남구 도곡로77길 23, 4층 (대치동)대치4문화센터 4층",02-565-7533,https://library.gangnam.go.kr/jgwlib,도서관,37.4997536,127.0578905
서울,강남구,청담도서관,서울특별시 강남구 압구정로79길 26 (청담동) 청담동주민센터 7층,02-540-7042,https://library.gangnam.go.kr/cdlib/,도서관,37.5250412,127.0492971
서울,강남구,행복한도서관,서울특별시 강남구 영동대로65길 24 (대치동)3층,02-567-3833,https://library.gangnam.go.kr/happylib,도서관,37.5022464,127.0641595
서울,강동구,강동구립강일도서관,서울특별시 강동구 아리수로93길9 -14 강일동복합청사,02-427-7676,http://gdlibrary.or.kr/gilib/,도서관,37.5652037,127.1743448
서울,강동구,강동구립둔촌도서관,서울특별시 강동구 동남로49길 21-8 (둔촌동),02-489-6557,https://www.gdlibrary.or.kr/,도서관,37.5322964,127.1472074
서울,강동구,강동구립성내도서관,서울특별시 강동구 성안로106 1,02-471-0044,http://www.gdlibrary.or.kr/snlib,도서관,37.5327964,127.1333283
서울,강동구,강동구립암사도서관,서울특별시 강동구 고덕로20길 42 (암사동),02-429-0476,https://www.gdlibrary.or.kr,도서관,37.5528007,127.1333457
서울,강동구,강동구립천호도서관,서울특별시 강동구 성안로31마길 1 (천호동)2층,02-488-7223,https://www.gdlibrary.or.kr/,도서관,37.5503452,127.1397321
서울,강동구,강동구립해공도서관,서울특별시 강동구 올림픽로 702,02-478-9656,http://www.gdlibrary.or.kr/hglib/,도서관,37.5443685,127.126709
서울,강북구,강북문화정보도서관,서울특별시 강북구 오현로 145 (번동)145,02-944-3100,https://www.gblib.or.kr/gangbuk/index.do,도서관,37.6248352,127.0360823
서울,강북구,강북청소년문화정보도서관,서울특별시 강북구 삼양로 54길 68,02-944-3141,http://www.gangbuklib.seoul.kr/youth/,도서관,37.6230299,127.0215671
서울,강북구,미아문화정보도서관,서울특별시 강북구 솔매로49길 14 (미아동)5층 ,02-944-3182,http://www.gblib.or.kr/mia/,도서관,37.6251093,127.0177505
서울,강북구,삼각산어린이도서관,서울특별시 강북구 삼양로19길 34 (미아동),02-944-3190,http://www.gblib.or.kr/kids,도서관,37.6319203,127.0280953
서울,강북구,솔샘문화정보도서관,서울특별시 강북구 솔샘로177,02-944-3150,http://www.gangbuklib.seoul.kr/solsem/,도서관,37.6204314,127.0123883
서울,강북구,송중문화정보도서관,서울특별시 강북구 도봉로20나길 6 (미아동),02-944-3160,http://www.gblib.or.kr/songjung/,도서관,37.6182711,127.0299121
서울,강북구,수유문화정보도서관,서울특별시 강북구 수유1동605-412,02-944-3170,http://www.gangbuklib.seoul.kr/suyu/,도서관,37.6300001,127.017532
서울,강서구,강서구립 곰달래도서관,서울특별시 강서구 강서로5길 50 (화곡동)곰달래문화복지센터 5~6층,02-2065-3785,http://lib.gangseo.seoul.kr,도서관,37.5289008,126.8488134
서울,강서구,강서구립 등빛도서관,서울특별시 강서구 강서로62길 48 (등촌동)48,02-3664-6990,http://lib.gangseo.seoul.kr,도서관,37.5623555,126.8422411
서울,강서구,강서구립 푸른들청소년도서관,서울특별시 강서구 강서로45다길 71 (화곡동),02-2691-1630,http://lib.gangseo.seoul.kr,도서관,37.54464,126.8351506
서울,강서구,강서구립가양도서관,서울특별시 강서구 양천로61길 101,02-3665-8797,http://lib.gangseo.seoul.kr,도서관,37.5619849,126.863732
서울,강서구,강서구립우장산숲속도서관,서울특별시 강서구 우현로 34 (화곡동) 1159-4 우장산동주민센터4층,02-2696-6690,http://lib.gangseo.seoul.kr,도서관,37.5482013,126.8418444
서울,강서구,강서길꽃어린이도서관,"서울특별시 강서구 금낭화로24길5 (방화3동주민센터,어린이도서관)",02-2663-4764,http://lib.gangseo.seoul.kr,도서관,37.578697,126.8135408
서울,강서구,강서꿈꾸는어린이도서관,서울특별시 강서구 공항대로 615 (염창동)281-25 (강서구 공항대로 615),02-3663-4025,http://lib.gangseo.seoul.kr,도서관,37.5473042,126.8733012
서울,강서구,강서영어도서관,서울특별시 강서구 곰달래로57가길 26 화곡4동 주민센터 2층,02-2061-2270,http://lib.gangseo.seoul.kr/,도서관,37.534564,126.860704
서울,관악구,관악중앙도서관,서울특별시 관악구 신림로3길 35 (신림동),02-828-5700,"http://lib.gwanak.go.kr, https://www.gfac.or.kr/",도서관,37.4675185,126.9448533
서울,관악구,글빛정보도서관,서울특별시 관악구 관악로30길 23 (봉천동)23,02-878-7460,"http://www.gwanakcullib.seoul.kr, http://lib.gwanak.go.kr",도서관,37.4862059,126.9596576
서울,관악구,성현동작은도서관,서울특별시 관악구 관악로37길 56 (봉천동)동아APT 상가 B동 5층,02-877-7183,"http://www.gfac.or.kr, http://lib.gwanak.go.kr",도서관,37.488488,126.957729
서울,관악구,은천동작은도서관,"서울특별시 관악구 봉천로33나길 30 (봉천동)은천동복합청사 4,5층",02-877-1162,"http://www.gwanakcullib.seoul.kr, http://lib.gwanak.go.kr",도서관,37.4852453,126.9423969
서울,관악구,조원도서관,"서울특별시 관악구 조원로12길 25 (신림동)25 3,4층",02-851-5571,"https://www.gfac.or.kr, http://lib.gwanak.go.kr",도서관,37.4825228,126.9077834
서울,광진구,광진정보도서관,서울특별시 광진구 아차산로78길 90 (광장동),02-3437-5095,http://gwangjinlib.seoul.kr,도서관,37.5496516,127.1094608
서울,광진구,구의제3동도서관,서울특별시 광진구 강변역로17 (구의3동 복합청사) 구의제3동주민센터 內 3층,02-454-6294,http://www.gwangjinlib.seoul.kr/,도서관,37.538066,127.0918804
서울,광진구,자양제4동도서관,서울특별시 광진구 뚝섬로26길 58 (자양동)뚝섬로26길 58(자양동),02-465-0737,https://www.gwangjinlib.seoul.kr/jy4dong/index.do,도서관,37.5340546,127.0662311
서울,광진구,자양한강도서관,서울특별시 광진구 뚝섬로52길 66 (자양동),02-456-0048,https://www.gwangjinlib.seoul.kr/jyriver/index.do,도서관,37.532779,127.0679781
서울,광진구,중곡문화체육센터도서관,서울특별시 광진구 능동로 433 (중곡동),02-3408-4900,http://www.gwangjinlib.seoul.kr,도서관,37.5681915,127.0890651
서울,구로구,개봉도서관,서울특별시 구로구 개봉로16길30 11 (개봉초등학교),02-2689-1695,http://lib.guro.go.kr,도서관,37.4897388,126.8583705
서울,구로구,개봉어린이도서관,"서울특별시 구로구 경인로 318-15 (개봉동)2층, 3층",02-2066-1695,http://lib.guro.go.kr,도서관,37.4931679,126.8509962
서울,구로구,구로구립 온누리도서관,서울특별시 구로구 구로중앙로27나길 9 (구로동)구로초등학교 내 온누리관 4층,02-858-9080,http://lib.guro.go.kr/,도서관,37.4968195,126.8858694
서울,구로구,구로기적의도서관,서울특별시 구로구 구로중앙로40길 24 (신도림동),02-2632-8878,https://lib.guro.go.kr,도서관,37.5071053,126.8775035
서울,구로구,구로꿈나무도서관,서울특별시 구로구 구로동로26길 54 2층 (구로동 741-27)구로시설관리공단 2층 (구로동 741-27),02-830-1623,http://lib.guro.go.kr,도서관,37.4898684,126.8872465
서울,구로구,궁동어린이도서관,서울특별시 구로구 오리로 1352 (궁동),02-2060-8229,http://lib.guro.go.kr/,도서관,37.5003075,126.8289067
서울,구로구,글마루한옥어린이도서관,서울특별시 구로구 고척로27바길 7 (개봉동),02-2615-8200,http://lib.guro.go.kr/,도서관,37.5068616,126.8456141
서울,구로구,꿈마을 도서관,서울특별시 구로구 디지털로27다길 65구로동 777-1 구로,02-830-5807,http://lib.guro.go.kr,도서관,37.4871738,126.8902592
서울,구로구,하늘도서관,서울특별시 구로구 구로동로13길 68 (구로동),02-864-9585,http://lib.guro.go.kr/,도서관,37.4874326,126.8809177
서울,금천구,금천구립가산도서관,서울특별시 금천구 가산로5길 43,02-865-6817,http://geumcheonlib.seoul.kr/index.do,도서관,37.4734504,126.8921274
서울,금천구,금천구립금나래도서관,서울특별시 금천구 시흥대로73길 70,02-2627-2991,http://geumcheonlib.seoul.kr/index.do,도서관,37.4567667,126.8954005
서울,금천구,금천구립독산도서관,서울특별시 금천구 독산로54길 114 (독산동)독산4동 375-2,02-863-9544,http://geumcheonlib.seoul.kr,도서관,37.4674481,126.9080502
서울,금천구,금천구립시흥도서관,서울특별시 금천구 금하로764,02-809-8242,http://geumcheonlib.seoul.kr,도서관,37.4524516,126.9070357
서울,노원구,공릉행복발전소,서울특별시 노원구 동일로179길 22 (공릉동),02-976-3820,https://www.nowonlib.kr/,도서관,37.6408372,127.0866673
서울,노원구,노원어린이도서관,서울특별시 노원구 한글비석로 346 (중계동),02-933-7145,http://www.nowonlib.kr,도서관,37.6580084,127.076284
서울,노원구,노원정보도서관,서울특별시 노원구 노원로34길43,02-950-0050,http://www.nowonlib.kr,도서관,37.6610613,127.0649973
서울,노원구,상계문화정보도서관,서울특별시 노원구 동일로243길 57(상계동 1118-66),02-3391-7882,http://www.nowonlib.kr/,도서관,37.6784183,127.0518501
서울,노원구,월계문화정보도서관,서울특별시 노원구 월계로 319 (월계동),02-991-0871,http://www.nowonlib.kr,도서관,37.6286048,127.0561075
서울,노원구,월계어린이도서관,서울특별시 노원구 월계로42길 9 (월계동)월계문화복지센터 내 3층,070-4238-5148,http://www.wgcwc.or.kr,도서관,37.624237,127.0507579
서울,노원구,한내지혜의 숲 도서관,서울특별시 노원구 마들로 86 (월계동),02-979-7420,http://www.nowonlib.kr,도서관,37.6322725,127.0535799
서울,노원구,화랑도서관,서울특별시 노원구 노원로1나길 10 (공릉동)공릉청소년문화정보센터,02-973-1318,http://www.gycenter.or.kr,도서관,37.6214718,127.0830211
서울,도봉구,도봉기적의도서관,서울특별시 도봉구 마들로 797 (도봉동),02-3493-7171,http://www.unilib.dobong.kr/,도서관,37.6676581,127.049132
서울,도봉구,도봉문화정보도서관,서울특별시 도봉구 덕릉로 315 (창동)315,02-900-1835,http://www.unilib.dobong.kr/,도서관,37.6445808,127.0438827
서울,도봉구,도봉아이나라도서관,서울특별시 도봉구 노해로69길 151 (창동)서울특별시 도봉구 창동 808-1,02-995-4171,http://www.kidlib.dobong.kr,도서관,37.6590072,127.0494699
서울,도봉구,둘리도서관,서울특별시 도봉구 시루봉로1길 6 (쌍문동)시루봉로 1길 6 (쌍문동),070-4291-1112,http://www.doolymuseum.or.kr/Contents.asp?code=10001436,도서관,37.6530842,127.0235327
서울,도봉구,쌍문채움도서관,서울특별시 도봉구 우이천로 340 (쌍문동),02-998-0910,http://www.unilib.dobong.kr/main.do,도서관,37.6486093,127.0275662
서울,도봉구,학마을도서관,서울특별시 도봉구 시루봉로 128 (방학동)446-5번지,02-955-0655,http://www.unilib.dobong.kr,도서관,37.6621078,127.0278197
서울,동대문구,동대문구 답십리 도서관,서울특별시 동대문구 서울시립대로4길 75 (답십리동),02-982-1959,https://www.l4d.or.kr/dsn/index.do,도서관,37.5737465,127.0494268
서울,동대문구,동대문구정보화도서관,서울특별시 동대문구 회기로10길 60 (청량리동)60,02-960-1959,http://www.L4D.or.kr,도서관,37.5899245,127.0472693
서울,동대문구,동대문책마당도서관,"서울특별시 동대문구 천호대로 145 (용두동), 1층",02-2127-4116,https://www.l4d.or.kr/bml,도서관,37.5786802,127.0306388
서울,동대문구,배봉산 숲속도서관,서울특별시 동대문구 전농로16길 97 (전농동),02-2212-8502,https://www.l4d.or.kr/bfl,도서관,37.5794335,127.0658492
서울,동대문구,휘경어린이도서관,서울특별시 동대문구 망우로18가길 38,02-2248-1959,www.l4d.or.kr,도서관,37.5886455,127.0605946
서울,동작구,구립김영삼도서관,서울특별시 동작구 매봉로 1 (상도1동),02-827-0557,https://lib.dongjak.go.kr/dj/index.do,도서관,37.5053584,126.949863
서울,동작구,대방어린이도서관,서울특별시 동작구 대방동길55,02-813-6740,http://lib.dongjak.go.kr,도서관,37.5029826,126.9251559
서울,동작구,동작어린이도서관,서울특별시 동작구 장승배기로16길 98 (노량진동),02-823-6750,http://lib.dongjak.go.kr,도서관,37.5091646,126.9434213
서울,동작구,사당솔밭도서관,서울특별시 동작구 솔밭로 86동작구 사당5동 708-1188,02-585-8411,http://lib.dongjak.go.kr/,도서관,37.4889516,126.9644988
서울,동작구,약수도서관,서울특별시 동작구 양녕로22바길 64 (상도동),02-823-1907,http://lib.dongjak.go.kr/,도서관,37.4978365,126.9474396
서울,마포구,마포구립서강도서관,서울특별시 마포구 독막로 165 (창전동),02-3141-7053,https://mplib.mapo.go.kr/sglib/index.do,도서관,37.545416,126.9307958
서울,마포구,마포구립하늘도서관,서울특별시 마포구 월드컵로 212 (성산동)마포구청 12층,02-3153-6260,https://mplib.mapo.go.kr/skylib,도서관,37.561696,126.9070949
서울,마포구,마포중앙도서관,서울특별시 마포구 성산로 128 (성산동),02-3153-5800,https://mplib.mapo.go.kr/mcl/,도서관,37.5633288,126.9078837
서울,마포구,마포푸르메어린이도서관,서울특별시 마포구상암동 1738  푸르메재단넥슨어린이재활병원,02-6070-9286,https://mplib.mapo.go.kr/purme/index.do,도서관,37.5841516,126.8808497
서울,서대문구,서대문구립남가좌새롬어린이도서관,서울특별시 서대문구 남가좌2동342-34 (증가로 10길 16-15),02-360-8670,http://lib.sdm.or.kr,도서관,37.5782918,126.9240346
서울,서대문구,서대문구립이진아기념도서관,서울특별시 서대문구 독립문공원길 80 (현저동),02-360-8600,http://lib.sdm.or.kr,도서관,37.5743009,126.9559178
서울,서대문구,서대문구립홍은도담도서관,서울특별시 서대문구 홍은중앙로 129 (홍은동),02-360-8645,http://lib.sdm.or.kr,도서관,37.6017786,126.9489927
서울,서초구,방배도서관,서울특별시 서초구 방배로 40 (방배동)방배3동 주민센터(신청사) 4층,02-3471-3993,http://spublic.seocholib.or.kr,도서관,37.4784027,126.9999572
서울,서초구,서초구립내곡도서관,서울특별시 서초구 청계산로7길 9-20 (신원동),02-3461-3007,http://naegok.seocholib.or.kr,도서관,37.4473672,127.0553225
서울,서초구,서초구립반포도서관,서울특별시 서초구 고무래로 34 (반포동)고무래로 34,02-520-8700,http://www.seocholib.or.kr/,도서관,37.5024352,127.0124167
서울,서초구,서초구립양재도서관,서울특별시 서초구 양재천로 33 (양재동),02-3486-4050,http://yangjae.seocholib.or.kr,도서관,37.4775762,127.0402569
서울,서초구,서초그림책도서관,서울특별시 서초구 명달로 150 (서초동),02-3471-0995,http://spublic.seocholib.or.kr/,도서관,37.4788777,127.0099952
서울,서초구,서초청소년도서관,서울특별시 서초구 효령로77길 37 (서초동),02-3486-9543,https://seocho.seocholib.or.kr,도서관,37.4921536,127.0279823
서울,서초구,잠원도서관,서울특별시 서초구 나루터로 38 (잠원동)3층,02-3477-8655,http://spublic.seocholib.or.kr,도서관,37.5149258,127.0139557
서울,성동구,성동구립금호도서관,서울특별시 성동구 금호동1가688 (난계로 20),02-2204-6450,http://www.sdlib.or.kr/kh,도서관,37.554066,127.0248971
서울,성동구,성동구립도서관,서울특별시 성동구 고산자로10길9 (성동문화정보센터),02-2204-6420,https://www.sdlib.or.kr,도서관,37.5591681,127.0349267
서울,성동구,성동구립무지개도서관,서울특별시 성동구 고산자로 270 (행당동)270 성동구청 3층,02-2286-6025,https://www.sdlib.or.kr/RB,도서관,37.5634092,127.0369449
서울,성동구,성동구립성수도서관,서울특별시 성동구 뚝섬로1길 43 (성수동1가) 성수문화복지회관 7층,02-2204-7590,https://www.sdlib.or.kr/ss/,도서관,37.5386577,127.0492493
서울,성동구,성동구립숲속도서관,서울특별시 성동구 매봉길 49-29 (옥수동)서울특별시 성동구 매봉길 49-29,02-2204-6485,https://www.sdlib.or.kr/fore/main.do,도서관,37.5459681,127.0125058
서울,성동구,성동구립용답도서관,서울특별시 성동구 용답중앙3길 10 (용답동),02-2204-6470,https://www.sdlib.or.kr/yd,도서관,37.5666596,127.051291
서울,성동구,성동구립청계도서관,서울특별시 성동구 마장로 141 (상왕십리동)마장로 141 왕십리도선동 공공복합청사內 5~6층,02-2204-7580,http://www.sdlib.or.kr/cg,도서관,37.567898,127.0251311
서울,성북구,글빛도서관,"서울특별시 성북구 길음로7길 20 (길음동)(서울성북미디어문화마루) 1,2층",02-6956-0559,https://www.sblib.seoul.kr/gbitlib,도서관,37.6036654,127.022275
서울,성북구,달빛마루도서관,서울특별시 성북구 하월곡동동일하이빌뉴시티 104동 2층,02-911-0993,https://www.sblib.seoul.kr/dblib/,도서관,37.60534448,127.0310339
서울,성북구,석관동미리내도서관,서울특별시 성북구 한천로66길 203 (석관동)석관동미리내도서관 4-5층,02-960-5067,https://mirinae.sblib.seoul.kr/mirine,도서관,37.6134751,127.0654041
서울,성북구,성북구립 청수도서관,서울특별시 성북구 보국문로16가길20,02-2038-4423,http://ch.sblib.seoul.kr/,도서관,37.611648,127.0107523
서울,성북구,성북길빛도서관,서울특별시 성북구 숭인로8길 52 (길음동) 서울특별시 성북구 숭인로8길 52 (길음동,02-6949-0031,https://www.sblib.seoul.kr/gblib/index.do,도서관,37.6109378,127.0262257
서울,성북구,성북정보도서관,서울특별시 성북구화랑로18자길 13,02-962-1081,https://www.sblib.seoul.kr/sblib,도서관,37.6049353,127.0505729
서울,성북구,아리랑도서관,서울특별시 성북구 아리랑로 82 (돈암동),02-3291-4990,https://www.sblib.seoul.kr/arlib/,도서관,37.5998684,127.0139365
서울,성북구,아리랑어린이도서관,"서울특별시 성북구 아리랑로 75 (돈암동, 돈암코오롱하늘채)",02-3291-4992,https://www.sblib.seoul.kr/arclib,도서관,37.5991068,127.0137948
서울,성북구,월곡꿈그림도서관,서울특별시 성북구 화랑로13길 17 (하월곡동),02-6949-1553,https://www.sblib.seoul.kr/wglib,도서관,37.6033017,127.0433139
서울,성북구,장위행복누림도서관,서울특별시 성북구 장위로21다길 53 (장위동)장위행복누림복합센터 2층,02-6954-7955,https://www.sblib.seoul.kr/jwlib,도서관,37.6159077,127.0456208
서울,성북구,정릉도서관,서울특별시 성북구 정릉로 242 (정릉동) 2층,02-2038-9928,https://www.sblib.seoul.kr/jnlib/,도서관,37.6169682,127.0086599
서울,성북구,종암동새날도서관,서울특별시 성북구 종암로 98-8종암동복합청사 4~5층,02-6925-6920,https://www.sblib.seoul.kr/snlib/,도서관,37.5990053,127.0352017
서울,성북구,해오름도서관,서울특별시 성북구 돈암동성북로 4길 52,02-6925-7002,https://www.sblib.seoul.kr/horlib/index.do,도서관,37.5947663,127.0104379
서울,송파구,거마도서관,서울특별시 송파구 거여2동195-1 거여2동 주민자치센터 4층,02-449-9813,http://www.splib.or.kr,도서관,37.4935096,127.1468394
서울,송파구,돌마리도서관,서울특별시 송파구 백제고분로37길 16 (석촌동) 석촌동주민센터 5층,02-414-7007,http://www.splib.or.kr/spdlib/index.jsp,도서관,37.503607,127.103743
서울,송파구,소나무언덕2호작은도서관,서울특별시 송파구 석촌호수로 1552층,02-424-0083,http://www.splib.or.kr/sp2lib/,도서관,37.508129,127.0928516
서울,송파구,소나무언덕3호 작은도서관,서울특별시 송파구 마천1동325-5 마천청소년센터 4층,02-443-0130,http://www.splib.or.kr//sp3lib,도서관,37.4922971,127.1566209
서울,송파구,소나무언덕잠실본동도서관,서울특별시 송파구 탄천동로 205 (잠실동),02-412-0750,http://www.splib.or.kr/spmlib,도서관,37.5096771,127.0833023
서울,송파구,송파글마루도서관,서울특별시 송파구 충민로 120 (장지동),02-449-8855,http://www.splib.or.kr,도서관,37.4807272,127.1268478
서울,송파구,송파어린이도서관,서울특별시 송파구 잠실동올림픽로 105,02-418-0303,http://www.splib.or.kr/spclib,도서관,37.5120643,127.0824157
서울,송파구,송파어린이영어작은도서관,서울특별시 송파구 오금로 1 (신천동)신천빗물펌프장 4~5층,02-415-3567,http://www.splib.or.kr,도서관,37.5224869,127.1017087
서울,송파구,송파위례도서관,"서울특별시 송파구 위례광장로 210 (장지동)위례동복합청사 4, 5층",02-402-3003,http://www.splib.or.kr/spwlib,도서관,37.4812073,127.1440562
서울,양천구,갈산도서관,서울특별시 양천구 목동남로 4길17685,02-2649-2732,http://lib.yangcheon.or.kr/,도서관,37.5092286,126.8676048
서울,양천구,개울건강도서관,서울특별시 양천구 중앙로52길56(신정4동),02-2696-8910,https://lib.yangcheon.or.kr/libgaeul/,도서관,37.5259388,126.8566029
서울,양천구,목마교육도서관,서울특별시 양천구 목동서로 41목5동주민센터 3층,02-2652-8910,http://lib.yangcheon.go.kr,도서관,37.5371069,126.8817151
서울,양천구,미감도서관,서울특별시 양천구 목동중앙남로 57-10 (목동)3층,02-2652-5481,http://lib.yangcheon.go.kr,도서관,37.5389361,126.865468
서울,양천구,방아다리문학도서관,서울특별시 양천구 화곡로4길 10 (신월동),02-2620-4149,http://lib.yangcheon.or.kr,도서관,37.5385259,126.8271645
서울,양천구,신월음악도서관,서울특별시 양천구 오목로5길34 (신월4동 주민센터 3~5층),02-2065-1260,https://lib.yangcheon.go.kr/,도서관,37.524676,126.840151
서울,양천구,양천구 영어특성화도서관,서울특별시 양천구 목동동로 81 (신정동)해누리타운 7층,02-2654-8493,http://lib.yangcheon.go.kr/page_redir.asp?key=23,도서관,37.5159278,126.8638154
서울,양천구,해맞이역사도서관,서울특별시 양천구 지양로 37 (신월동),02-2699-9223,https://lib.yangcheon.or.kr,도서관,37.5199255,126.8348562
서울,영등포구,대림정보문화도서관,서울특별시 영등포구 도신로 27 (대림동)27,02-828-3700,https://www.ydplib.or.kr/drlib/index.do,도서관,37.5042506,126.8960596
서울,영등포구,문래도서관,서울특별시 영등포구 문래로20길 49 (문래동3가),02-2629-8600,https://www.ydplib.or.kr/mllib/index.do,도서관,37.5167598,126.8911719
서울,영등포구,선유도서관,서울특별시 영등포구 선유로43가길 10-8 (양평동3가)88-1,02-2163-0800,https://www.ydplib.or.kr/sylib/index.do,도서관,37.5332751,126.8929164
서울,영등포구,여의샛강마을도서관,"서울특별시 영등포구 여의대로24 전국경제인연합회 후생복지동 1, 2층",02-2629-2222,https://www.ydplib.or.kr/yulib,도서관,37.5223136,126.9200561
서울,용산구,용산 꿈나무도서관,서울특별시 용산구 백범로 329 (원효로1가) 용산 꿈나무종합타운 3층,02-707-0138,https://www.yslibrary.or.kr,도서관,37.5385513,126.9654268
서울,용산구,청파도서관,서울특별시 용산구 청파로93길27,02-714-3931,https://www.yslibrary.or.kr/cheongpa/,도서관,37.5538955,126.9675303
서울,은평구,구립구산동도서관마을,서울특별시 은평구 연서로13길 29-23 (구산동)29- 23,02-357-0100,http:// www.gsvlib.or.kr,도서관,37.6096052,126.9130176
서울,은평구,구립상림도서관,서울특별시 은평구 진관4로 48-25 (진관동),02-383-7557,http://sl.eplib.or.kr,도서관,37.6442041,126.9285948
서울,은평구,구립은평뉴타운도서관,서울특별시 은평구 진관2로 111-51 (진관동)111-51,02-6341-6400,http://www.enlib.or.kr,도서관,37.6363626,126.931633
서울,은평구,구립증산정보도서관,서울특별시 은평구 증산로5길 6 (증산동),02-307-6030,http://www.jsplib.or.kr,도서관,37.583846,126.9056018
서울,은평구,내를건너서숲으로도서관,서울특별시 은평구 증산로17길 50 (신사동),02-307-6701,https://nslib.or.kr,도서관,37.5972747,126.9024142
서울,은평구,은뜨락도서관,"서울특별시 은평구 통일로 972 (진관동, 은뜨락)",02-389-7635,http://www.edlib.or.kr,도서관,37.6492551,126.9332002
서울,은평구,은평구립도서관,서울특별시 은평구 통일로78가길 13-84(불광동),02-385-1671,http://www.eplib.or.kr,도서관,37.6189368,126.9282542
서울,은평구,응암정보도서관,서울특별시 은평구 가좌로7길 15 (응암동)가좌로7길 15 (응암동 730-3),02-308-2320,http://www.ealib.or.kr,도서관,37.5859315,126.9196742
서울,종로구,아름꿈 도서관,서울특별시 종로구 종로58가길 19,02-2237-6644,http://lib.jongno.go.kr,도서관,37.5726217,127.0170297
서울,종로구,어린이청소년국학도서관,서울특별시 종로구 명륜길 26 (명륜3가)명륜동 와룡문화센터 5층,02-747-8335,http://lib.jongno.go.kr/,도서관,37.5868688,126.9960439
서울,종로구,청운문학도서관,서울특별시 종로구자하문로 36길 40,070-4680-4032,http://lib.jongno.go.kr/,도서관,37.5903305,126.9657681
서울,중구,가온도서관,서울특별시 중구 동호로14길18,02-2230-2921,http://www.e-junggulib.or.kr,도서관,37.5563466,127.010824
서울,중구,남산타운문화체육센터 어린이도서관,서울특별시 중구 다산로32 (남산타운) 남산타운문화체육센터 2층,02-2230-2941,http://www.e-junggulib.or.kr,도서관,37.549565,127.0119534
서울,중구,서울도서관,서울특별시 중구 세종대로 110 (태평로1가)110 (서울특별시청),02-2133-0202,http://lib.seoul.go.kr,도서관,37.5662952,126.9779451
서울,중구,어울림도서관,서울특별시 중구 다산로38길 66-35 (신당동),02-2230-2901,http://www.e-junggulib.or.kr,도서관,37.561687,127.0189143
서울,중랑구,양원숲속도서관,서울특별시 중랑구 송림길 172 (망우동),02-432-0710,http://www.jungnanglib.seoul.kr/ywlib/,도서관,37.6068209,127.1106926
서울,중랑구,중랑구립면목정보도서관,서울특별시 중랑구 면목로 397 (면목동),02-432-4120,http://www.jungnanglib.seoul.kr/mmlib,도서관,37.5871918,127.0876595
서울,중랑구,중랑구립정보도서관,서울특별시 중랑구 신내로15길 197 (묵동),02-490-9113,http://www.jungnanglib.seoul.kr/jnlib/,도서관,37.6151557,127.0868682
서울,중랑구,중랑상봉도서관,서울특별시 중랑구 동일로114길 10 (상봉동)상봉2동복합청사,02-2209-0094,http://www.jungnanglib.seoul.kr/sblib/,도서관,37.5930916,127.0809054
서울,중랑구,중랑숲어린이도서관,서울특별시 중랑구망우로 73길 46-1,02-6235-1150,http://www.jungnanglib.seoul.kr/suplib/index.php,도서관,37.6024508,127.1034041
서울,용산구,국립중앙박물관,서울특별시 용산구 서빙고로 137,02-2077-9000,https://www.museum.go.kr,박물관,37.5246635,126.9777271
서울,종로구,국립민속박물관,서울특별시 종로구 삼청로 37,02-3704-3114,www.nfm.go.kr,박물관,37.5794588,126.9787219
서울,종로구,대한민국역사박물관,서울특별시 종로구 세종대로 198,02-3703-9200,www.much.go.kr,박물관,37.5738329,126.9781104
서울,용산구,국립한글박물관,서울특별시 용산구 서빙고로 139,02-2124-6200,www.hangeul.go.kr,박물관,37.5231023,126.9844401
서울,서초구,국립국악원 국악박물관,서울특별시 서초구 남부순환로 2364 ,02-580-3130,http://www.gugak.go.kr/site/homepage/menu/viewMenu?menuid=001013003002&lang=ko,박물관,37.4786094,127.0113069
서울,중구,국립극장 공연예술박물관,서울특별시 중구 장충단로 59,02-2280-5801,www.ntok.go.kr/kr/Museum/Main/Index,박물관,37.5528597,126.9998129
서울,마포구,한국영화박물관,서울특별시 마포구 월드컵북로 400,02-3153-2072,https://www.koreafilm.or.kr/museum/main,박물관,37.5804334,126.8894764
서울,종로구,국립고궁박물관,서울특별시 종로구 효자로 12,02-3701-7500,www.gogung.go.kr,박물관,37.5773616,126.9766844
서울,중구,석조전 대한제국역사관,서울특별시 중구 세종대로 99,02-771-9953,http://www.deoksugung.go.kr/,박물관,37.5658705,126.9750079
서울,노원구,육군박물관,서울특별시 노원구 사서함77-1,02-2197-6608,museum.kma.ac.kr,박물관,37.6541917,127.056793
서울,종로구,국립경찰박물관,서울특별시 종로구 새문안로 41,02-3150-3681,www.policemuseum.go.kr,박물관,37.5689839,126.9696528
서울,강남구,국립관세박물관,서울특별시 강남구 언주로 721,02-510-1080,www.customs.go.kr/seoul/main.do,박물관,37.5183196,127.0339654
서울,영등포구,국회 헌정기념관(휴관),서울특별시 영등포구 의사당대로 1 ,02-6788-3664,memorial.assembly.go.kr ,박물관,37.5310813,126.9165501
서울,종로구,국립기상박물관,서울특별시 종로구 송월길 52,070-7850-8493,https://science.kma.go.kr/museum/,박물관,37.5706348,126.9663812
서울,도봉구, 둘리뮤지엄,서울특별시 도봉구 시루봉로1길 6,02-990-2200,www.doolymuseum.or.kr,박물관,37.6530842,127.0235327
서울,서대문구,서대문구자연사박물관,서울특별시 서대문구 연희로32길 51,02-330-8899,http://namu.sdm.go.kr,박물관,37.5766913,126.9378364
서울,서대문구,서대문형무소역사관,서울특별시 서대문구 통일로 251,02-360-8590,www.sphh.sscmc.or.kr,박물관,37.5743009,126.9559178
서울,종로구,서울교육박물관,서울특별시 종로구 북촌로 5길 48,02-2011-5780,http://edumuseum.sen.go.kr,박물관,37.5807856,126.9831611
서울,광진구,서울상상나라,서울특별시 광진구 능동로 216,02-6450-9500,www.seoulchildrensmuseum.org,박물관,37.549363,127.0818126
서울,동대문구,서울약령시한의약박물관,서울특별시 동대문구 약령중앙로26,02-969-9241,museum.ddm.go.kr,박물관,37.5805121,127.0371533
서울,종로구,서울역사박물관(본관),서울특별시 종로구 새문안로 55,02-724-0110,https://museum.seoul.go.kr,박물관,37.5700566,126.9705312
서울,성북구,성북선잠박물관,서울특별시 성북구 성북로 96,02-744-0025,museum.sb.go.kr,박물관,37.5931935,126.9982055
서울,중구,손기정기념관,서울특별시 중구 손기정로 101,02-364-1936,www.sonkeechung.com,박물관,37.5556652,126.9645497
서울,성동구,수도박물관,서울특별시 성동구 왕십리로 27,02-3146-5921,https://arisu.seoul.go.kr/arisumuseum,박물관,37.5397059,127.0420438
서울,강동구,암사동선사유적박물관,서울특별시 강동구 올림픽로 875,02-3425-6520,http://sunsa.gangdong.go.kr,박물관,37.5605739,127.1308674
서울,은평구,은평역사한옥박물관,서울특별시 은평구 연서로50길 8,02-351-8524,museum.ep.go.kr,박물관,37.6034774,126.915963
서울,성동구,청계천박물관(분관),서울특별시 성동구 청계천로 530,02-2286-3410,https://museum.seoul.go.kr/cgcm,박물관,37.5712267,127.0350281
서울,송파구,한성백제박물관,서울특별시 송파구 위례성대로 71,02-2152-5800,baekjemuseum.seoul.go.kr,박물관,37.5152456,127.1206369
서울,송파구,송파책박물관,서울특별시 송파구 송파대로37길 77,02-2147-2486,https://www.bookmuseum.go.kr/,박물관,37.4991823,127.1045252
서울,중구,서소문성지 역사박물관,서울특별시 중구 칠패로 5,02-3147-2404,https://www.seosomun.org,박물관,37.5606422,126.9690479
서울,노원구,서울생활사박물관(분관),서울특별시 노원구 동일로 174길 27길,02-3399-2900,museum.seoul.go.kr/sulm,박물관,37.619671,127.0767099
서울,종로구,서울우리소리박물관,서울특별시 종로구 율곡로 96,02-721-7501,http://gomuseum.seoul.go.kr,박물관,37.5770986,126.9897787
서울,종로구,가회민화박물관,서울특별시 종로구 북촌로 52,02-741-0466,www.gahoemuseum.org,박물관,37.5814333,126.9852321
서울,성북구,간송박물관,서울특별시 성북구 성북로 102-11,02-762-0442,http://kansong.org/,박물관,37.5942972,126.9967062
서울,강남구,경기여자고등학교 경운박물관,서울특별시 강남구 삼성로 29,02-3463-1336,http://kwmuseum.org/,박물관,37.486824,127.0660933
서울,서대문구,고촌이종근기념관,서울특별시 서대문구 충정로 8,02-365-6940,www.kochonhall.or.kr,박물관,37.5597031,126.9631582
서울,서초구,관문사성보박물관,서울특별시 서초구 바우뫼로7길111,02-3460-5300,www.gwanmunsa.org,박물관,37.4737124,127.0222722
서울,강서구 ,기생충박물관 ,서울특별시 강서구 화곡로 333 ,02-2601-3284,www.parasite.or.kr,박물관,37.5535787,126.8507382
서울,종로구,김달진미술자료박물관,서울특별시 종로구 홍지문1길 4,02-730-6216,daljinmuseum.com,박물관,37.6000164,126.9566332
서울,종로구,꼭두박물관(휴관),서울특별시 종로구 성균관로 4길 21,02-766-3315,http://www.kokdumuseum.com,박물관,37.5848558,126.9984667
서울,중구,농협 농업박물관,서울특별시 중구 새문안로 16,02-2080-5727,www.agrimuseum.or.kr,박물관,37.566407,126.9681206
서울,은평구,다문화박물관,서울특별시 은평구 불광로 135,02-323-6848,www.multiculturemuseum.com,박물관,37.6187179,126.9325323
서울,강남구,도산안창호기념관,서울특별시 강남구 도산대로 45길 20,02-541-1800,http://www.ahnchangho.or.kr/site/,박물관,37.5239121,127.0355914
서울,종로구,떡박물관,서울특별시 종로구 돈화문로71,02-741-5447,www.tkmuseum.or.kr,박물관,37.5748578,126.990624
서울,송파구,롯데월드민속박물관,서울특별시 송파구 올림픽로 240,02-411-4762,http://adventure.lotteworld.com/museum,박물관,37.5112348,127.0980274
서울,서초구,매헌윤봉길의사기념관,서울특별시 서초구 매헌로99 매헌기념관,02-578-3388,www.yunbonggil.or.k,박물관,37.4695908,127.0365105
서울,종로구,목인박물관 목석원,서울특별시 종로구 창의문로5다길 27-4,02-722-5055,www.mokinmuseum.com,박물관,37.5885269,126.9629227
서울,종로구,뮤지엄김치간 ,"서울특별시시 종로구 인사동길 35-4 인사동마루 본관 4,5,6층",02-6002-6456,www.kimchikan.co.kr,박물관,37.5730231,126.9843059
서울,강북구,박을복자수박물관,서울특별시 강북구 삼양로 149가길 53,02-990-7000,www.embromuseum.com,박물관,37.6537404,127.0087107
서울,중구,배재학당역사박물관,서울특별시 중구 서소문로 11길 19,02-319-5578,appenzeller.pcu.ac.kr,박물관,37.5637438,126.9723782
서울,용산구,백범김구기념관,서울특별시 용산구 임정로 26,02-799-3400,www.kimkoomuseum.org,박물관,37.5450249,126.9597415
서울,종로구,보나장신구박물관(휴관),서울특별시 종로구 인사동 9길 9,02-732-6621,http://www.bonamuseum.com/,박물관,37.5735423,126.9845388
서울,종로구,북촌동양문화박물관,서울특별시 종로구 북촌로11길 76,02-723-0190,www.dymuseum.com,박물관,37.5839859,126.983352
서울,종로구,북촌박물관,서울특별시 종로구 북촌로 39,02-766-8402,https://bukchonmuseum.modoo.at,박물관,37.580766,126.9849454
서울,종로구,북촌생활사박물관,서울특별시 종로구 북촌로5나길 90(삼청동),02-736-3957,cafe.daum.net/namu3579,박물관,37.584425,126.9829667
서울,종로구,불교중앙박물관,서울특별시 종로구 우정국로 55,02-2011-1960,www.museum.buddhism.or.kr,박물관,37.5737854,126.9818967
서울,강동구,브이센터 더 라이브 뮤지엄,서울특별시 강동구 아리수로61길 103,070-4278-8470,www.tkvcenter.com,박물관,37.5644103,127.1492077
서울,종로구,삼성출판박물관,서울특별시 종로구 비봉길 2-2,02-394-6544,http://ssmop.org,박물관,37.6086049,126.9570365
서울,중구,샬트르 성 바오로 수녀회 역사박물관 ,서울특별시 중구 명동길 74-2,02-3706-3255,www.spcseoul.or.kr,박물관,37.5622834,126.9880455
서울,종로구,서울대학교병원 의학박물관,서울특별시 종로구 대학로 101 서울대학교병원 의학박물관,02-2072-2636,www.medicalmuseum.org,박물관,37.5784244,126.9990363
서울,송파구,서울올림픽기념관(휴관),서울특별시 송파구 올림픽로 424,02-410-1822,www.88olympic.or.kr,박물관,37.5217853,127.1165203
서울,강남구,세계골프역사박물관,서울특별시 강남구 테헤란로 528,02-2192-3005,"www.superiori.com
http://blog.naver.com/golfhistory",박물관,37.5080761,127.0619864
서울,종로구,세계장신구박물관,서울특별시 종로구 북촌로5나길 2,02-730-1610,www.wjmuseum.com,박물관,37.580936,126.9817903
서울,종로구,쇳대박물관(휴관),서울특별시 종로구 이화장길 100,02-766-6494,http://lockmuseum.co.kr,박물관,37.5797646,127.004601
서울,종로구,쉼박물관,서울특별시 종로구 세검정로 209-17,02-396-9277,www.shuim.org,박물관,37.5994636,126.9556636
서울,종로구,신문박물관 PRESSEUM,서울특별시 종로구 세종대로 152 일민미술관건물 5~6층,02-2020-1880,www.presseum.or.kr,박물관,37.5698318,126.9776433
서울,중구,안중근의사기념관,서울특별시 중구 소월로91,02-3789-1016,www.ahnjunggeun.or.kr,박물관,37.5538407,126.9805067
서울,종로구,영인문학관,서울특별시 종로구 평창30길 81,02-379-3182,young-in.kr,박물관,37.6119175,126.9716568
서울,성북구,우리옛돌박물관,서울특별시 성북구 대사관로 13길 66,02-986-1001,www.koreanstonemuseum.com,박물관,37.5999904,126.9899435
서울,중구,우리은행 은행사박물관,"서울특별시 중구 소공로 51, 지하 1층",02-2002-5090,www.woorimuseum.com,박물관,37.5632943,126.9809212
서울,서대문구,우석뮤지엄,서울특별시 서대문구 신촌로 129,02-364-8900,www.artreon.co.kr,박물관,37.5564819,126.940327
서울,종로구,유금와당박물관,서울특별시 종로구 창의문로 11가길 4,02-394-3451,www.yoogeum.org,박물관,37.5936628,126.9625094
서울,마포구,이한열기념관,서울특별시 마포구 신촌로 12나길 2,02-325-7216,www.leememorial.or.kr,박물관,37.5550864,126.9336183
서울,중구,이화박물관,서울특별시 중구 정동길 26,02-2175-1964,www.ewhamuseum.co.kr,박물관,37.5659958,126.9710704
서울,서초구,인도박물관,"서울특별시 서초구 서초중앙로2길 35, 2층",02-585-2185,https://www.indo-museum.org/,박물관,37.4840408,127.0191808
서울,서초구,전기박물관,서울특별시 서초구 효령로 72길 60,02-2105-8191~2,www.kepco.co.kr/museum,박물관,37.4856225,127.0280556
서울,마포구,전쟁과여성인권박물관,서울특별시 마포구 월드컵북로11길 20,02-392-5252,http://www.womenandwarmuseum.net/,박물관,37.5600537,126.9148471
서울,용산구,전쟁기념관,서울특별시 용산구 이태원로 29,02-709-3114,www.warmemo.or.kr,박물관,37.5362151,126.9777629
서울,중구,종이나라박물관,"서울특별시 중구 장충단로 166 
종이나라빌딩 2층",02-2279-7901,www.papermuseum.or.kr,박물관,37.5596181,127.0061559
서울,종로구,짚풀생활사박물관,서울특별시 종로구 성균관로 4길 45,02-743-8787,www.jipul.com,박물관,37.58487,126.9998286
서울,중구,초전섬유·퀼트박물관,서울특별시 중구 퇴계로 18길 66,02-753-4075,www.jculture.co.kr/museum,박물관,37.5580705,126.9842135
서울,종로구,춘원당한의약박물관,서울특별시 종로구 돈화문로9길 27,02-3672-2005,www.cwdmuseum.com,박물관,37.5714629,126.9902306
서울,강남구,코리아나 화장박물관,서울특별시 강남구 언주로 827,02-547-9177,www.spacec.co.kr,박물관,37.5240279,127.032782
서울,강남구,탄허기념불교박물관,서울특별시 강남구 밤고개로14길 13-51,02-445-8486,http://www.tanheo.org/,박물관,37.4789983,127.1029546
서울,구로구,평강성서유물박물관,서울특별시 구로구 오류로8라길 44,02-2686-9496,http://www.apm.or.kr/,박물관,37.4919061,126.8440418
서울,강남구,피규어뮤지엄W,서울특별시 강남구 선릉로158길 3,02-512-8865,http://www.figuremuseumw.co.kr,박물관,37.5257613,127.0403736
서울,성북구,한국가구박물관 ,서울특별시 성북구 대사관로 121(성북동),02-745-0181,www.kofum.com,박물관,37.6001521,126.9934261
서울,송파구,한국광고박물관,서울특별시 송파구 올림픽로35길 137 한국광고문화회관 3층,02-2144-0116,https://www.kobaco.co.kr/site/admuseum/home,박물관,37.5159043,127.0996258
서울,중구,한국금융사박물관,서울특별시 중구 세종대로 135-5,02-2152-7677,www.beautifulshinhan.co.kr,박물관,37.5685498,126.9764145
서울,종로구,한국색동박물관,서울특별시 종로구율곡로10길85-7,02-765-9286,www.saekdongmuseum.com,박물관,37.573843,126.9920732
서울,중구,한국은행 화폐박물관,서울특별시 중구 남대문로 39,02-759-4881,www.bok.or.kr,박물관,37.5618592,126.9799028
서울,영등포구,한국잡지박물관,서울특별시 영등포구 여의대방로 67길 11 잡지회관 지하1층,02-360-0041,http://museum.magazine.or.kr/,박물관,37.5197098,126.9302396
서울,마포구,한국천주교순교자박물관,서울시 마포구 토정로 6(합정동),02-3142-4504,http://www.jeoldusan.or.kr/renew/museum1.php,박물관,37.5444056,126.9116248
서울,중구,한국현대문학관,서울특별시 중구 동호로 268,02-2277-4857,www.kmlm.or.kr,박물관,37.5597735,127.0042083
서울,종로구,한무숙문학관,서울특별시 종로구 혜화로 9길 20,02-762-3093,www.hahnmoosook.com,박물관,37.5877392,126.9985843
서울,용산구,한익환서울아트박물관,서울특별시 용산구 한남대로 108(한남동),02-796-0100,"blog.daum.net/hansam2012
blog.naver.com/hansam2006",박물관,37.5379947,127.0049755
서울,성북구,혜곡최순우기념관,서울특별시 성북구 성북로15길 9,02-3675-3401,www.choisunu.com,박물관,37.5928953,127.0003282
서울,관악구,호림박물관 신림본관,서울특별시 관악구 남부순환로 152길 53,02-858-2500,www.horimmuseum.org,박물관,37.4806808,126.9186226
서울,강남구,호림박물관 신사분관,서울특별시 강남구 도산대로 317,02-858-2500,www.horimmuseum.org,박물관,37.5226393,127.0362922
서울,종로구,화정박물관,서울특별시 종로구 평창8길 3,02-2075-0114,www.hjmuseum.org,박물관,37.6045606,126.9659822
서울,광진구,건국대학교박물관,서울특별시 광진구 능동로 120,02-450-3881,http://museum.konkuk.ac.kr/,박물관,37.5419717,127.0767285
서울,동대문구,경희대학교 자연사박물관,서울특별시 동대문구 경희대로 26,02-961-0142,https://nhm.khu.ac.kr/,박물관,37.5953632,127.0527612
서울,동대문구,경희대학교 중앙박물관,서울특별시 동대문구 경희대로 26,02-961-0141,http://museum.khu.ac.kr,박물관,37.5953632,127.0527612
서울,성북구,고려대학교박물관,서울특별시 성북구 안암로 145,02-3290-1514,museum.korea.ac.kr,박물관,37.5900117,127.0318586
서울,성북구,국민대학교박물관,"서울특별시 성북구 정릉로 77, 
국민대학교박물관",02-910-4212,https://museum.kookmin.ac.kr/,박물관,37.6126683,126.9936056
서울,도봉구,덕성여자대학교박물관,서울특별시 도봉구 삼양로 144길 33,02-901-8132,museum.duksung.ac.kr,박물관,37.6511988,127.0161604
서울,중구,동국대학교박물관,서울특별시 중구 필동로 1길 30,02-2260-3723,https://dgumuseum.dongguk.edu/,박물관,37.5585916,126.9997567
서울,성북구,동덕여자대학교박물관,서울특별시 성북구 화랑로 13길 60(하월곡동),02-940-4231,http://museum.dongduk.ac.kr/,박물관,37.6044915,127.0376009
서울,노원구,삼육대학교박물관,서울특별시 노원구 화랑로 815,02-3399-3065,https://www.syu.ac.kr/museum/,박물관,37.6431424,127.1062512
서울,종로구,상명대학교박물관,서울특별시 종로구 평창문화로 151,02-781-7920,https://museum.smu.ac.kr,박물관,37.5729503,126.9793579
서울,종로구,서울대학교 치의학대학원 치의학박물관(휴관),서울특별시 종로구 대학로 101,02-740-8799,www.dentmuseum.or.kr ,박물관,37.5775956,126.9998863
서울,관악구,서울대학교박물관,서울특별시 관악구 관악로 1,02-880-5333,http://museum.snu.ac.kr/,박물관,37.480912,126.953218
서울,노원구,서울여자대학교박물관,서울특별시 노원구 화랑로 621 서울여자대학교 50주년기념관 2층,02-970-5311,http://museum.swu.ac.kr/,박물관,37.6279712,127.0921826
서울,종로구,성균관대학교박물관,서울시 종로구 성균관로 25-2,02-760-1216,https://swb.skku.edu/museum,박물관,37.5871833,126.9930833
서울,성북구,성신여자대학교박물관,서울특별시 보문로 34다길 2 행정관 3층,02-920-7325,http://museum.sungshin.ac.kr,박물관,37.5927408,127.0224394
서울,강북구,성신여자대학교 자연사박물관,서울특별시 강북구 도봉로 76가길 55 A동 지하 1층,02-920-2057,http://museum.sungshin.ac.kr,박물관,37.6317775,127.0273891
서울,강북구,성신여자대학교 정원박광훈복식박물관,서울특별시 강북구 도봉로 76가길 55 A동 1층,02-920-2657,http://museum.sungshin.ac.kr,박물관,37.6317775,127.0273891
서울,광진구,세종대학교박물관,서울특별시 광진구 능동로 209,02-3408-3876,http://museum.sejong.ac.kr,박물관,37.5517986,127.0736331
서울,동작구,숭실대학교 한국기독교박물관,서울특별시 동작구 상도로 369 ,02-820-0752,http://museum.ssu.ac.kr,박물관,37.4963462,126.9568865
서울,서대문구,연세대학교박물관,"서울특별시 서대문구 연세로 50 
연세대학교 백주년기념관 내",02-2123-3340,museum.yonsei.ac.kr,박물관,37.5620902,126.9380569
서울,서대문구,이화여자대학교박물관,서울특별시 서대문구 이화여대길 52,02-3277-3152,https://museum.ewha.ac.kr,박물관,37.5642551,126.9503079
서울,서대문구,이화여자대학교 자연사박물관,서울특별시 서대문구 이화여대길 52,02-3277-4700,http://nhm.ewha.ac.kr,박물관,37.5642551,126.9503079
서울,성동구,한양대학교박물관,서울특별시 성동구 왕십리로 222,02-2220-1394~6,http://museumuf.hanyang.ac.kr/,박물관,37.5566066,127.0484194
서울,마포구,홍익대학교박물관,서울특별시 마포구 와우산로 94 홍익대학교 문헌관 3층,02-320-1323,http://museum.hongik.ac.kr,박물관,37.5506747,126.9260306
서울,용산구,숙명여자대학교박물관,서울특별시 용산구 청파로 47길 100,02-710-9134,http://www.sookmyung.ac.kr/museum/index.do,박물관,37.5463644,126.9648311
서울,용산구,숙명여자대학교 정영양자수박물관,서울특별시 용산구 청파로 47길 100,02-710-9134,http://www.sookmyung.ac.kr/chungyoungyang/index.do,박물관,37.5463644,126.9648311
서울,종로구,국립현대미술관(서울관),서울특별시 종로구 삼청로 30,02-3701-9500,"www.mmca.go.kr, www.facebook.com/MMCAKorea, 
www.instagram.com/MMCAKorea, www.twitter.com/MMCAKOREA, 
www.youtube.com/MMCAKorea, tv.naver.com/mmca",미술관,37.5829548,126.9810261
서울,중구,국립현대미술관(덕수궁관),서울특별시 중구 세종대로 99,02-2022-0600,"www.mmca.go.kr, www.facebook.com/MMCAKorea, 
www.instagram.com/MMCAKorea, www.twitter.com/MMCAKOREA,
 www.youtube.com/MMCAKorea, tv.naver.com/mmca",미술관,37.5658705,126.9750079
서울,강서구,겸재정선미술관,서울특별시 강서구 양천로47길 36,02-2659-2206,www.gjjs.or.kr,미술관,37.5721747,126.8383772
서울,관악구,남서울미술관,서울특별시 관악구 남부순환로 2476,02-598-6245,https://sema.eseoul.go.kr,미술관,37.4795497,126.9433403
서울,중구,서울시립미술관,서울특별시 중구 덕수궁길 61(서소문동 37),02-2124-8800,https://sema.eseoul.go.kr,미술관,37.5642629,126.9746757
서울,성북구,성북구립미술관,서울특별시 성북구 성북로 134,02-6925-5011,"http://sma.sbculture.or.kr/, 
https://www.facebook.com/seongbukmuseum
",미술관,37.5948078,126.9948694
서울,종로구,종로구립 박노수미술관,서울특별시 종로구 옥인1길 34,02-2148-4171,https://www.jfac.or.kr/site/main/content/parkns01,미술관,37.5812815,126.9668035
서울,종로구,종로구립 고희동미술관,서울특별시 종로구 창덕궁5길 40,02-741-8424,https://www.jfac.or.kr/site/main/home,미술관,37.5836269,126.9889553
서울,중구,DDP디자인뮤지엄,서울특별시 중구 을지로 281,02-2153-0001,www.ddp.or.kr,미술관,37.5667521,127.0101046
서울,영등포구,63아트,서울특별시 영등포구 63로 50,02-789-5101,www.63art.co.kr,미술관,37.5194647,126.9398326
서울,종로구,JCC아트센터,서울특별시 종로구 창경궁로35길 29,02-2183-7373~4,http://www.jeijcc.org/,미술관,37.5877012,127.0024965
서울,강남구,K현대미술관,서울특별시 강남구 선릉로 807,02-2138-0952,.www.kmcaseoul.org,미술관,37.5242737,127.0390543
서울,종로구,OCI미술관,서울특별시 종로구 우정국로 45-14,02-734-0440,www.ocimuseum.org,미술관,37.5731384,126.9820991
서울,종로구,금호미술관,서울특별시 종로구 삼청로 18,02-720-5114,http://www.kumhomuseum.com/,미술관,37.5774264,126.9799022
서울,용산구,김세중미술관,서울특별시 용산구 효창원로 70길 35,02-717-5129,www.kimsechoong.com,미술관,37.5420231,126.9638965
서울,종로구,대림미술관,서울특별시 종로구 자하문로 4길 21,02-720-0667,http://www.daelimmuseum.org/index.do,미술관,37.5774587,126.9733411
서울,용산구,디뮤지엄(대림미술관 분관),서울특별시 용산구 독서당로 29길 5-6,02-796-8166~9,http://www.daelimmuseum.org/index.do,미술관,37.5370296,127.011413
서울,강남구,밀알미술관,서울특별시 강남구 일원로 90,02-3412-0061,www.milalmuseum.or.kr,미술관,37.4859112,127.0821906
서울,은평구,사비나미술관,서울특별시 은평구 진관 1로 93,02-736-4371,www.savinamuseum.com,미술관,37.6335071,126.9260151
서울,용산구,삼성미술관 Leeum,서울특별시 용산구 이태원로55길 60-16,02-2014-6900,www.leeum.org,미술관,37.5383951,126.999265
서울,종로구,상원미술관,서울특별시 종로구 평창31길 27,02-396-3185,www.imageroot.co.kr,미술관,37.6115979,126.9765553
서울,종로구,성곡미술관,서울특별시 종로구 경희궁길 42,02-737-7650,http://www.sungkokmuseum.org/,미술관,37.5733373,126.9696076
서울,종로구,세종문화회관 미술관,서울특별시 종로구 세종대로 175,02-399-1153,www.sejongpac.or.kr,미술관,37.5721241,126.9760848
서울,종로구,세화미술관,서울특별시 종로구 새문안로 68 흥국생명빌딩 3층,02-2002-7787,www.sehwamuseum.org,미술관,37.569568,126.9721646
서울,송파구,소마미술관,서울특별시 송파구 올림픽로 424,02-425-1077,soma.kspo.or.kr,미술관,37.5217853,127.1165203
서울,종로구,아라리오뮤지엄 인 스페이스,서울특별시 종로구 율곡로 83,02-736-5700,www.arariomuseum.org,미술관,37.5775971,126.9884326
서울,종로구,아르코미술관,서울특별시 종로구 동숭길3,02-760-4626,www.arko.or.kr/artcenter/,미술관,37.5801905,127.0030805
서울,용산구,아모레퍼시픽미술관,서울특별시 용산구 한강대로 100,02-6040-2345,"apma.com
apma.amorepacific.com
museum.amorepacific.com",미술관,37.5488847,126.9727028
서울,종로구,아트선재센터,서울특별시 종로구 울곡로 3길 87,02-733-8949,www.artsonje.org,미술관,37.5794343,126.9818277
서울,종로구,아트센터 나비 미술관,서울특별시 종로구 종로26 SK본사빌딩 4층,02-2121-1031,www.nabi.or.kr,미술관,37.5696511,126.9802912
서울,서초구,서울서예박물관,서울특별시 서초구 남부순환로 2406,02-580-1300, www.sac.or.kr,미술관,37.4786094,127.0113069
서울,서초구,한가람디자인미술관,서울특별시 서초구 남부순환로 2406,02-580-1300, www.sac.or.kr,미술관,37.4786094,127.0113069
서울,서초구,한가람미술관,서울특별시 서초구 남부순환로 2406,02-580-1300, www.sac.or.kr,미술관,37.4786094,127.0113069
서울,서초구,유리지공예관,서울특별시 서초구 중앙로 555,02-578-6663,yoolizzycraftmuseum.org,미술관,37.4577504,127.0123253
서울,종로구,일민미술관,서울특별시 종로구 세종대로 152,02-2020-2050,www.ilmin.org,미술관,37.5698318,126.9776433
서울,종로구,자하미술관,서울특별시 종로구 창의문로5가길 46,02-395-3222,www.zahamuseum.org,미술관,37.5893192,126.9602893
서울,강남구,코리아나미술관,서울특별시 강남구 언주로 827,02-547-9177,www.spacec.co.kr,미술관,37.5240279,127.032782
서울,강남구,포스코미술관,"서울특별시 강남구 테헤란로 440 
포스코센터 지하1층 포스코미술관",02-3457-1665,http://www.poscoartmuseum.org,미술관,37.5058333,127.0561111
서울,송파구,한미사진미술관,"서울특별시 송파구 위례성대로 14 한미타워 19, 20층",02-418-1315,www.photomuseum.or.kr,미술관,37.5165711,127.1139577
서울,서초구,(재)한원미술관,서울특별시 서초구 남부순환로 2423 한원빌딩 B1,02-588-5642,www.hanwon.org,미술관,37.481835,127.015788
서울,성동구,헬로우뮤지움,서울특별시 성동구 성수일로 12길 20,02-3217-4222,www.hellomuseum.com,미술관,37.5482173,127.0533479
서울,종로구,환기미술관,서울특별시 종로구 자하문로40길 63,02-391-7701,www.whankimuseum.org,미술관,37.594224,126.9662
서울,송파구,롯데뮤지엄,서울특별시 송파구 올림픽로 300 롯데월드타워 7층,1544-7744,https://www.lottemuseum.com/,미술관,37.5125585,127.1025353
서울,노원구,서울과학기술대학교 미술관,서울특별시 노원구 공릉로232 다빈치관224호,02-970-6215,http://art.seoultech.ac.kr/,미술관,37.6324657,127.0786713
서울,관악구,서울대학교미술관,서울특별시 관악구 관악로 1,02-880-9504,www.snumoa.org/,미술관,37.480912,126.953218
서울,노원구,인덕대학교 아정미술관,서울특별시 노원구 초안산로 12 (은봉관 1층),02-950-7331,www.induk.ac.kr,미술관,37.6313747,127.0555547
서울,성동구,한양여자대학교 미술관,서울특별시 성동구 살곶이길 200,02-2290-2506,www.hywoman.ac.kr/artmuseum/ind,미술관,37.5580179,127.046734
서울,용산구,숙명여자대학교 문신미술관,서울특별시 용산구 청파로 47길 100,02-2077-7052,http://www.sookmyung.ac.kr/sites/moonshin/index.do,미술관,37.5463644,126.9648311
서울,광진구,광진구 생활문화센터,서울특별시 광진구 광나루로 56길 67(구의동),02-447-0244,,생활문화센터,37.5364739,127.0964642
서울,금천구,가산 생활문화센터,서울특별시 금천구 가산로 133,02-2104-5206 ,,생활문화센터,37.4772335,126.8915063
서울,은평구,은평 생활문화센터,서울특별시 은평구 갈현동 454-2호,02-353-1219 ,http://www.mzstation.com ,생활문화센터,37.6186198,126.9185942
서울,종로구,체부동 생활문화센터,서울특별시 종로구 체부동 188 외 2,02-6272-0111,http://www.ccasc.or.kr ,생활문화센터,37.5766716,126.9715202
서울,서대문구,천연어울림 생활문화센터,"서울특별시 서대문구 영천동 250-5, 독립문어린이공원 앞 지하보도",02-330-1871,,생활문화센터,37.571534,126.9607302
서울,강남구,강남구민회관,서울특별시 강남구 삼성로 154 (대치동),02-2176-0891,https://life.gangnam.go.kr/fmcs/103,문예회관,37.4938503,127.0642598
서울,강동구,강동아트센터,서울특별시 강동구 동남로870,02-440-0500,www.gangdongarts.or.kr,문예회관,37.551183,127.1573277
서울,강북구,강북문화예술회관,서울특별시 강북구 삼각산로 85,02-944-3068,https://www.gbcmc.or.kr/fmcs/25,문예회관,37.6407291,127.013272
서울,강서구,강서구민회관,서울특별시 강서구 우장산로 66,02-3664-6046,www.gssi.or.kr,문예회관,37.553128,126.8436152
서울,관악구,관악아트홀,서울특별시 관악구 신림로 3길 35,02-828-5700,www.gfac.or.kr,문예회관,37.4675185,126.9448533
서울,광진구,나루아트센터,서울특별시 광진구 능동로 76, 02-2049-4700 ,www.naruart.or.kr,문예회관,37.5373529,127.0705248
서울,구로구,구로아트밸리예술극장,서울특별시 구로구 가마산로25길9-24,02-2029-1724,www.guroartsvalley.or.kr/,문예회관,37.4965397,126.8889682
서울,구로구,구로구민회관,서울특별시 구로구 가마산로25길 21,02-860-2592,,문예회관,37.497057,126.8895588
서울,금천구,금나래아트홀 ,서울특별시 금천구 시흥대로 73길 70,02-2627-2981,https://gcfac.or.kr,문예회관,37.4567667,126.8954005
서울,노원구,노원문화재단 노원문화예술회관,서울특별시 노원구 중계로 181,02-2289-3400,www.nowonarts.kr,문예회관,37.6501995,127.0802507
서울,노원구,노원어린이극장,서울특별시 노원구 노해로 502,,,문예회관,37.6543814,127.0636656
서울,마포구,마포아트센터,서울특별시 마포구 대흥로20길 28, 02-3274-8500 , www.mapoartcenter.or.kr/ ,문예회관,37.5497496,126.9455805
서울,서초구,서초문화예술회관,서울특별시 서초구 강남대로 201,02-2155-8301,http://www.seocho.go.kr ,문예회관,37.48181,127.0357439
서울,서대문구,서대문문화체육회관,서울특별시 서대문구 홍은2동 백련사길 39, 02-360-8558 , http://www.sscmc.or.kr ,문예회관,37.5806516,126.9312702
서울,성동구,성동문화회관,서울특별시 성동구 왕십리로 281,02-2204-6402,www.sdfac.or.kr,문예회관,37.559276,127.0359937
서울,성동구,성수문화복지회관,서울특별시 성동구 뚝섬로1길 43,02-2204-7561,,문예회관,37.5443376,127.0469275
서울,양천구,양천문화회관,서울특별시 목동서로 367(신정동), 02-2646-5870 ,https://yfac.kr/main/,문예회관,37.5164386,126.8633461
서울,영등포구,영등포아트홀,서울특별시 영등포구 국회대로 596 영등포구민회관,02-2670-4020,http://www.ydpcf.or.kr/main/main.do ,문예회관,37.5260877,126.9000313
서울,용산구,용산아트홀,서울특별시 용산구 녹사평대로 150, 02-2199-7269 , http://art.yongsan.go.kr ,문예회관,37.5324201,126.9903488
서울,은평구,은평문화예술회관,서울특별시 은평구 녹번로16(녹번동),02-351-3736,www.efac.or.kr,문예회관,37.6036744,126.927865
서울,종로구,재단법인 세종문화회관,서울특별시 종로구 세종대로 175,02-399-1114, www.sejongpac.or.kr ,문예회관,37.5721241,126.9760848
서울,종로구,"종로문화체육센터
(광화문아트홀)",서울특별시 종로구 인왕산로1길 21,02-725-2311,http://www.gwangart.com/51,문예회관,37.5742102,126.9646484
서울,종로구,종로구민회관,서울특별시 종로구 지봉로 5길 7-5,02-2148-4061,-,문예회관,37.5734636,127.0143719
서울,중구,충무아트센터,서울특별시 중구 퇴계로 387,02-2230-6616,WWW.cac.ior.kr,문예회관,37.5660139,127.0148131
서울,도봉구,도봉구민회관,서울특별시 도봉구 도봉로 552,02-901-5160,http://www.dobongsiseol.or.kr/index_hall.html,문예회관,37.6540005,127.0386044
서울,종로구,종로문화원,서울특별시 종로구 율곡로 5,02-2148-4087,종로문화원.kr,지방문화원,37.5760627,126.9802706
서울,중구,중구문화원,서울특별시 중구 청계천로 86(장교동 1번지),02-775-3001,www.junggucc.or.kr,지방문화원,37.5673064,126.9867527
서울,용산구,용산문화원,서울특별시 용산구 효창원로 8길 28,02-703-0052,yongsan.kccf.or.kr,지방문화원,37.5333917,126.9520135
서울,성동구,성동문화원,서울특별시 성동구 왕십리로 281 성동문화회관 2층,02-2286-6234,www.ssdc.or.kr,지방문화원,37.5593145,127.0366307
서울,광진구,광진문화원,서울특별시 광진구 광나루로 56길 67,02-447-0244,kjcc.or.kr,지방문화원,37.53660349,127.0964104
서울,동대문구,동대문문화원,"서울특별시 동대문구 왕산로 128, 지하2층(용신동, 동의보감타워)",02-2241-9300,dongdemun.kccf.or.kr,지방문화원,37.5778084,127.0376446
서울,중랑구,중랑문화원,"서울특별시 중랑구 면목로 238, 3층(면목동, 중랑구민회관)",02-492-0066,ejnc.kr,지방문화원,37.5738889,127.085
서울,성북구,성북문화원,서울특별시 성북구 성북로4길 13-8,02-765-1611,www.isbcc.or.kr,지방문화원,37.5896774,127.0057315
서울,강북구,강북문화원,"서울특별시 강북구 삼각산로 85, 강북문화예술회관 3층",02-999-8109,www.gbculture.or.kr,지방문화원,37.6407764,127.0131584
서울,도봉구,도봉문화원,"서울특별시 도봉구 도봉로 552(창동, 도봉구민회관)",02-905-4026,www.dobong.or.kr,지방문화원,37.6541085,127.0384056
서울,노원구,노원문화원,서울특별시 노원구 동일로 197길 24(공릉동),02-938-1244,www.nwcc.or.kr,지방문화원,37.6275613,127.0702606
서울,은평구,은평문화원,서울특별시 은평구 녹번로 16 은평문화예술회관 2층,02-383-9300,eunpyeong.kccf.or.kr,지방문화원,37.603659,126.927494
서울,서대문구,서대문문화원,서울특별시 서대문구 백련사길 39 서대문문화회관 2층,02-3217-1592,sdmcc.co.kr,지방문화원,37.5808067,126.9317169
서울,마포구,마포문화원,서울특별시 마포구 백범로 227,02-312-1100,mapocc.or.kr,지방문화원,37.5421679,126.95548
서울,양천구,양천문화원,서울특별시 양천구 목동서로 367 양천문화회관 별관 5층,02-2651-5300,www.양천문화원.kr,지방문화원,37.5166773,126.8633031
서울,강서구,강서문화원,서울특별시 강서구 화곡로 215,02-2607-4233,kcc2000.or.kr,지방문화원,37.544656,126.8437449
서울,구로구,구로문화원,"서울특별시 구로구 경인로 20가길 38, 2층(오류동,오류문화센터)",02-851-0837,www.gurocc.or.kr,지방문화원,37.4952975,126.8461967
서울,금천구,금천문화원,서울특별시 금천구 시흥대로 38길 61,02-896-8553,geumcheon.kccf.or.kr,지방문화원,37.44696,126.9039552
서울,영등포구,영등포문화원,서울특별시 영등포구 신길로 275,02-846-0155,www.ydpcc.co.kr,지방문화원,37.5157786,126.9122002
서울,동작구,동작문화원,"서울특별시 동작구 장승배기로 10길 42, 3층(상도동, 동작문화복지센터)",02-822-8500,www.dongjaktv.net,지방문화원,37.5044029,126.9410582
서울,관악구,관악문화원,서울특별시 관악구 신림로3길 35(신림동),02-885-5975, www.gacc.or.kr,지방문화원,37.4675185,126.9448533
서울,서초구,서초문화원,서울특별시 서초구 강남대로 201 서초문화예술회관 2층,02-2155-8605,http://socc.or.kr,지방문화원,37.48181,127.0357439
서울,강남구,강남문화원,"서울특별시 강남구 테헤란로8길 36, 3층",02-3454-1517,sgnc.or.kr,지방문화원,37.4964604,127.0320158
서울,송파구,송파문화원,서울특별시 송파구 올림픽로 44,02-414-0354,www.spcc.or.kr,지방문화원,37.510097,127.0760185
서울,강동구,강동문화원,서울특별시 강동구 상암로168(강동구민회관 2층),02-3425-6994,www.gdcc.or.kr,지방문화원,37.5457299,127.1412042
서울,은평구,응암1동문화의집,서울특별시 은평구 백련산로179(응암1동96-3),02-351-5214,-,문화의집,37.6006412,126.9267376
서울,은평구,갈현1동문화의집,서울특별시 은평구 갈현로301,02-351-5095,http://center.ep.go.kr,문화의집,37.6236469,126.9166613
서울,강서구,화곡문화의집,서울특별시 강서구 화곡로215,02-2692-4266,www.kcc2000.or.kr,문화의집,37.544656,126.8437449
서울,노원구,노원문화의집,"서울특별시 노원구 동일로 지하 1530                  (지하1층, 문화의집)",02-2116-3787,http://www.nwcc.or.kr,문화의집,37.6562713,127.0624069
서울,양천구,목2동문화의집,서울특별시 양천구 목동중앙본로 120,02-2620-3972,-,문화의집,37.5461022,126.8716897
서울,송파구,잠실종합운동장,서울 송파구 올림픽로 25,02-2240-8802,http://stadium.seoul.go.kr,스포츠,37.5140929,127.0749534
서울,양천구,목동운동장,서울 양천구 안양천로 939,02-2640-3808,https://stadium.seoul.go.kr/?nohash=1,스포츠,37.5305809,126.8810483
서울,중구,손기정체육공원 인조잔디축구장,서울 중구 만리동1가 57-7,02-3396-4173,http://tour.junggu.seoul.kr/tour/index.jsp,스포츠,37.5566797,126.9656754
서울,양천구,목동운동장,서울 양천구 안양천로 939,02-2640-3808,https://stadium.seoul.go.kr/?nohash=1,스포츠,37.5305809,126.8810483
서울,송파구,잠실종합운동장,서울 송파구 올림픽로 25,02-2240-8802,http://stadium.seoul.go.kr,스포츠,37.5140929,127.0749534
서울,송파구,잠실종합운동장 보조경기장,서울 송파구 올림픽로 25,02-2240-8927,http://stadium.seoul.go.kr/reserve/jamsil/sub-stadium,스포츠,37.5140929,127.0749534
서울,중구,손기정체육공원 인조잔디축구장,서울 중구 만리동1가 57-7,02-3396-4173,http://tour.junggu.seoul.kr/tour/index.jsp,스포츠,37.5566797,126.9656754
서울,용산구,효창운동장,서울 용산구 효창원로 177-15,02-713-1410,http://stadium.seoul.go.kr/about/hcgr,스포츠,37.5439234,126.9610276
서울,용산구,한강시민공원이촌지구 한강축구장,서울 용산구 이촌동 375-1,,,스포츠,37.5219225,126.9597682
서울,성동구,살곶이체육공원 축구장,서울 성동구 사근동 102-1,02-2286-6090,,스포츠,37.5542003,127.0496472
서울,성동구,중랑 물재생센터축구장,서울 성동구 용답동 245,,,스포츠,37.5573094,127.0622195
서울,성동구,응봉축구장,서울 성동구 응봉동 234-3,02-2204-7650,https://sports.happysd.or.kr/,스포츠,37.551814,127.0374819
서울,성동구,응봉축구장,서울 성동구 응봉동 234-3,02-2204-7650,https://sports.happysd.or.kr/,스포츠,37.551814,127.0374819
서울,광진구,서울어린이대공원 축구장,서울 광진구 능동로 216,,http://www.childrenpark.or.kr/,스포츠,37.549363,127.0818126
서울,광진구,아차산배수지 체육공원 인조잔디축구장,서울 광진구 천호대로 731,02-3437-7234,http://stadium.gwangjin.or.kr/,스포츠,37.5486303,127.0958048
서울,중랑구,중랑구립잔디운동장,서울 중랑구 망우동 73-2,02-432-4522,https://www.jungnangimc.or.kr/html/01040100,스포츠,37.6068611,127.1130279
서울,중랑구,신내차량기지축구장,서울 중랑구 용마산로136길 33,,,스포츠,37.6115753,127.1077606
서울,강북구,강북구민운동장,서울 강북구 오현로31길 51,02-944-2913,http://www.gangbukcmc.seoul.kr/sports/group07/page01.php,스포츠,37.63039380000001,127.0377586
서울,성북구,월곡인조잔디축구장,서울 성북구 하월곡동 산 2-1,,,스포츠,37.6106079,127.0403978
서울,강북구,강북구민운동장,서울 강북구 오현로31길 51,02-944-2913,http://www.gangbukcmc.seoul.kr/sports/group07/page01.php,스포츠,37.63039380000001,127.0377586
서울,노원구,초안산인조잔디축구장,서울 노원구 월계동 산 63-1,,,스포츠,37.6383233,127.0519475
서울,노원구,노원 마들스포츠타운,서울 노원구 상계동 770-2,02-2289-6855,http://www.nowonsc.kr,스포츠,37.6438715,127.0585375
서울,노원구,초안산인조잔디축구장,서울 노원구 월계동 산 63-1,,,스포츠,37.6383233,127.0519475
서울,노원구,노해체육공원 축구장,서울 노원구 노원로22길 1,,,스포츠,37.6481175,127.0706261
서울,은평구,은평구민체육센터 축구장,서울 은평구 진관1로 46,02-350-5393,http://www.efmc.or.kr/,스포츠,37.6305699,126.9246861
서울,서대문구,서대문문화체육회관,서울 서대문구 백련사길 39,02-360-8560,http://www.sscmc.or.kr/culture1,스포츠,37.5806516,126.9312702
서울,마포구,서울월드컵경기장,서울 마포구 월드컵로 240,02-2128-2000,,스포츠,37.5677584,126.8981147
서울,마포구,서울월드컵경기장 보조경기장,서울 마포구 성산동 499,,http://www.sisul.or.kr/open_content/worldcup/guidance/subst.jsp,스포츠,37.571442,126.8984182
서울,마포구,난지천공원 인조잔디축구장,서울 마포구 상암동 1538,,,스포츠,37.5714779,126.8875503
서울,양천구,해누리 체육공원 축구장2,서울 양천구 안양천로 711,,,스포츠,37.5283271,126.8800082
서울,금천구,독산근린공원 인조잔디축구장,서울 금천구 독산동 1086,02-809-1912,http://gfmc.kr/cp/03.asp,스포츠,37.4636133,126.8841338
서울,강서구,서남물 재생센터공원 축구장,서울 강서구 마곡동 123,,,스포츠,37.5766427,126.82488
서울,양천구,해누리체육공원 족구장,서울 양천구 안양천로 711,,,스포츠,37.5283271,126.8800082
서울,구로구,안양천 C축구장,서울 구로구 신도림동 271-64,,,스포츠,37.5147412,126.8795892
서울,구로구,고척근린공원 축구장,서울 구로구 고척로45길 1,,,스포츠,37.50590090000001,126.8531819
서울,금천구,독산근린공원 인조잔디축구장,서울 금천구 독산동 1086,02-809-1912,http://gfmc.kr/cp/03.asp,스포츠,37.4636133,126.8841338
서울,영등포구,한강공원 양화지구 축구장,서울 영등포구 노들로 113,,,스포츠,37.5456291,126.889842
서울,영등포구,영롱이억새1구장,서울 영등포구 문래동5가 31,02-2670-3522,http://yeyak.seoul.go.kr/reservation/view.web?rsvsvcid=S110408161005278849,스포츠,37.5179868,126.8813009
서울,영등포구,영롱이억새1구장,서울 영등포구 문래동5가 31,02-2670-3522,http://yeyak.seoul.go.kr/reservation/view.web?rsvsvcid=S110408161005278849,스포츠,37.5179868,126.8813009
서울,영등포구,양평누리체육공원 제2축구장,서울 영등포구 양화동 4-1,,https://www.y-sisul.or.kr/mod.asp?m=business&s=i00,스포츠,37.5458033,126.8849942
서울,영등포구,양평누리 체육공원 제1축구장,서울 영등포구 양화동 143-1,,https://www.y-sisul.or.kr/mod.asp?m=business&s=i00,스포츠,37.5427887,126.8867444
서울,영등포구,대림체육공원 축구장,서울 영등포구 가마산로31길 16,02-2670-3522,http://yeyak.seoul.go.kr/reservation/view.web?rsvsvcid=S110408141630576007,스포츠,37.5008417,126.8941088
서울,동작구,보라매공원 인조잔디구장,서울 동작구 신대방동 395,02-2181-1186,http://parks.seoul.go.kr/template/sub/boramae.do,스포츠,37.4932342,126.9197115
서울,동작구,노량진축구장,서울 동작구 노들로 688,,,스포츠,37.5150948,126.9443784
서울,동작구,노량진배수지시민공원 축구장,서울 동작구 노량진로 247,,,스포츠,37.5138235,126.953907
서울,관악구,관악구민운동장,서울 관악구 낙성대로 40,02-882-2660,http://www.gwanakgongdan.or.kr,스포츠,37.4753202,126.9569753
서울,관악구,관악제2구민운동장,서울 관악구 신림동 산 58-8,,http://www.gwanakgongdan.or.kr,스포츠,37.45766140000001,126.9338572
서울,서초구,KT연구개발센터 축구장,서울 서초구 태봉로 151,,,스포츠,37.4711294,127.0298577
서울,서초구,반포종합운동장 축구장,서울 서초구 신반포로16길 30,,,스포츠,37.5041437,126.9970518
서울,강남구,잠원한강공원 축구장,서울 강남구 압구정동 386,,,스포츠,37.5275007,127.0189266
서울,서초구,반포한강공원 축구장,서울 서초구 잠원동 122-1,02-3780-0541,,스포츠,37.5133283,127.0015205
서울,강남구,대치유수지체육공원 축구장,서울 강남구 대치동 78-20,,,스포츠,37.5020003,127.0696083
서울,송파구,잠실유수지 축구장,서울 송파구 도곡로62길 11,,,스포츠,37.5041519,127.0776469
서울,송파구,송파구여성축구장,서울 송파구 올림픽로 474,02-412-5969,http://www.songpagongdan.or.kr,스포츠,37.5247175,127.1175084
서울,송파구,천마공원 축구장,서울 송파구 마천동 산 2,02-403-2395,https://www.iamground.kr/,스포츠,37.5015387,127.1559588
서울,송파구,성내유수지축구장,서울 송파구 방이동 88-13,,,스포츠,37.5264488,127.1199714
서울,중구,장충리틀야구장,서울 중구 장충단로 123,,http://www.littleleague.co.kr,스포츠,37.5599921,127.0053457
서울,성동구,살곶이체육공원 야구장,서울 성동구 사근동 102-16,,,스포츠,37.5540196,127.0500331
서울,광진구,구의야구공원,서울 광진구 구의동 164-5,02-3436-2890,http://stadium.seoul.go.kr,스포츠,37.5458277,127.0950533
서울,중랑구,신내차량기지야구장,서울 중랑구 용마산로136길 33,,,스포츠,37.6115753,127.1077606
서울,노원구,육사야구장,서울 노원구 공릉동 25-5,,,스포츠,37.629688,127.0979415
서울,마포구,난지한강공원 제1야구장,서울 마포구 상암동 495-72,02-3780-0833,,스포츠,37.567777,126.8749625
서울,양천구,목동운동장 목동야구장,서울 양천구 안양천로 939,02-2640-3803,http://stadium.seoul.go.kr/reserve/mokdonggr/bgr,스포츠,37.5305809,126.8810483
서울,양천구,신월야구공원,서울 양천구 남부순환로64길 26,02-2699-6407,,스포츠,37.5263427,126.832496
서울,구로구,고척스카이돔,서울 구로구 경인로 430,02-2128-2300,http://www.sisul.or.kr/open_content/skydome/,스포츠,37.4984887,126.8601539
서울,동작구,노량진야구장,서울 동작구 노들로 688,,,스포츠,37.5150948,126.9443784
서울,송파구,잠실종합운동장 잠실야구장,서울 송파구 올림픽로 25,1661-0965,http://stadium.seoul.go.kr/about/jsbpark,스포츠,37.5140929,127.0749534
서울,송파구,송파유소년야구장,서울 송파구 탄천동로 211,02-412-0160,http://www.songpa.go.kr,스포츠,37.50298859999999,127.0786791
서울,송파구,올림픽공원 테니스경기장,서울 송파구 올림픽로 424 제2체육관,02-2180-3778,https://www.ksponco.or.kr/sports/olparktennis,스포츠,37.5217853,127.1165203
서울,송파구,올림픽공원 테니스경기장,서울 송파구 올림픽로 424 제2체육관,02-2180-3778,https://www.ksponco.or.kr/sports/olparktennis,스포츠,37.5217853,127.1165203
서울,송파구,오금공원 테니스장,서울 송파구 동남로 263,02-402-3700,http://www.songpagongdan.or.kr,스포츠,37.5010097,127.134043
서울,송파구,올림픽공원 테니스경기장,서울 송파구 올림픽로 424 제2체육관,02-2180-3778,https://www.ksponco.or.kr/sports/olparktennis,스포츠,37.5217853,127.1165203
서울,송파구,올림픽공원 테니스경기장,서울 송파구 올림픽로 424 제2체육관,02-2180-3778,https://www.ksponco.or.kr/sports/olparktennis,스포츠,37.5217853,127.1165203
서울,강동구,강일테니스장,서울 강동구 강일동 156-7,02-2045-7872,,스포츠,37.5747337,127.1641629
서울,강동구,명일테니스장,서울 강동구 동남로 785,02-2045-7870,http://www.igangdong.or.kr,스포츠,37.5372136,127.15142
서울,강동구,한강공원광나루지구 테니스장,서울 강동구 암사동 637-6,,https://hangang.seoul.go.kr/archives/46878,스포츠,37.5499281,127.122235
서울,중구,장충체육관,서울 중구 동호로 241,02-2128-2800,http://new.sisul.or.kr/open_content/jangchung/,스포츠,37.5581465,127.0065932
서울,중구,무학봉체육관,서울 중구 난계로6길 8,02-2280-8426,https://www.e-junggu.or.kr/fmcs/235,스포츠,37.5622347,127.0245439
서울,용산구,원효로 다목적실내체육관,서울 용산구 원효로3가 51-58,02-704-2205,http://www.yong-san.or.kr/,스포츠,37.5328441,126.9572292
서울,성동구,대현산체육관,서울 성동구 독서당로63길 44,,http://www.happysd.or.kr,스포츠,37.5539276,127.030079
서울,성동구,금호공원 탁구전용체육관,서울 성동구 장터1길 20,02-2204-7690,https://sports.happysd.or.kr/fmcs/133,스포츠,37.5488451,127.0176858
서울,광진구,광장동실내배드민턴장,서울 광진구 천호대로140길 40,02-458-9062,http://minton.gwangjin.or.kr,스포츠,37.544382,127.1001834
서울,동대문구,동대문구체육관,"서울 동대문구 답십리로 210-3 지하1,2층",02-2247-9611,https://www.dfmc.kr:8443/course/sports/fmcs/1,스포츠,37.5722643,127.0639667
서울,중랑구,신내공원 다목적체육관,서울 중랑구 신내로21길 115-14,02-3422-4350,http://www.jungnangimc.or.kr/content.do?sgrp=S01&siteCmsCd=CM0001&topCmsCd=CM0004&cmsCd=CM0105&pnum=,스포츠,37.6112146,127.0894479
서울,중랑구,묵동다목적체육관,서울 중랑구 숙선옹주로 66,02-949-5577,http://www.jungnangimc.or.kr/content.do?sgrp=S01&siteCmsCd=CM0001&topCmsCd=CM0004&cmsCd=CM0107&pnum=7&cnum=34,스포츠,37.61441689999999,127.0842018
서울,성북구,구립월곡배드민턴전용체육관,서울 성북구 화랑로13길 144,02-2241-0661,,스포츠,37.6106079,127.0403978
서울,강북구,오동근린공원 실내베드민턴장,서울 강북구 덕릉로42길 49,02-944-2930,,스포츠,37.6328736,127.0320437
서울,도봉구,초안산실내배드민턴장,서울 도봉구 덕릉로63길 76-10,02-901-5125,https://www.dobongsiseol.or.kr,스포츠,37.6447498,127.0409457
서울,도봉구,다락원체육공원 배드민턴장,서울 도봉구 창포원로 45 관리동 1층,,https://www.dobongsiseol.or.kr/contents/culture8.html?menu1=3&menu2=1,스포츠,37.6687738,127.0470706
서울,노원구,태릉선수촌 승리관,서울 노원구 화랑로 727,,,스포츠,37.6335672,127.0967967
서울,노원구,불암산배드민턴장,서울 노원구 중계로 36,02-2289-6856,http://www.nowonsc.kr,스포츠,37.6391199,127.0840075
서울,노원구,월계배드민턴전용구장,서울 노원구 마들로5가길 113,02-2289-6863,,스포츠,37.6383233,127.0519475
서울,노원구,당고개배드민턴장,서울 노원구 상계로 273,,,스포츠,37.6645066,127.0737934
서울,은평구,은평다목적체육관,서울 은평구 진관1로 52,02-350-5325,https://www.ep.go.kr/www/contents.do?key=1421,스포츠,37.6335071,126.9260151
서울,서대문구,서대문구농구협회,서울 서대문구 홍제동 280-9,02-379-0869,http://cafe.daum.net/sudaemunbasketball,스포츠,37.5949801,126.949274
서울,서대문구,홍제배드민턴장,서울 서대문구 세검정로 78-19,,,스포츠,37.59514910000001,126.9490259
서울,강서구,마곡실내배드민턴장,서울 강서구 양천로 251,02-2063-3990,,스포츠,37.573161,126.8316806
서울,강서구,수명산다목적체육관,서울 강서구 내발산동 748,02-6229-6682,http://www.gssi.or.kr/gpmc/main/contents.do?menuNo=200161,스포츠,37.5493969,126.8262755
서울,강서구,궁산다목적체육관,서울 강서구 마곡동 산 3,,,스포츠,37.5730439,126.8384395
서울,강서구,화곡배수지 다목적체육관,서울 강서구 화곡동 산 22-80,,,스포츠,37.5421431,126.8554943
서울,강서구,강서다목적체육관,서울 강서구 등촌로13자길 20,,,스포츠,37.5372787,126.8549006
서울,구로구,구로누리배드민턴장,서울 구로구 새말로18길 39 1층,02-869-9677,https://www.gurosisul.or.kr,스포츠,37.5019189,126.8831398
서울,영등포구,영등포다목적배드민턴체육관,서울 영등포구 도신로15길 5,02-2630-2981,,스포츠,37.5076045,126.8972947
서울,금천구,독산배드민턴체육관,서울 금천구 독산로54길 102-82,,,스포츠,37.4667151,126.9089754
서울,관악구,국사봉체육관,서울 관악구 국회단지길 142,02-2081-2690,https://www.gwanakgongdan.or.kr/fmcs/48,스포츠,37.488767,126.9412352
서울,관악구,미성체육관,서울 관악구 난우16길 37,02-2081-2643,https://www.gwanakgongdan.or.kr/fmcs/172,스포츠,37.4777468,126.9188017
서울,관악구,청룡산체육관,서울 관악구 관악로5길 91-42,02-2081-2695,https://www.gwanakgongdan.or.kr/fmcs/54,스포츠,37.47594,126.9516004
서울,관악구,장군봉체육관,서울 관악구 남부순환로194길 81-12,02-2081-2645,https://www.gwanakgongdan.or.kr,스포츠,37.4813112,126.9341533
서울,관악구,선우체육관,서울 관악구 문성로16다길 133-70,02-2081-2665,https://www.gwanakgongdan.or.kr/fmcs/488,스포츠,37.4709343,126.9108605
서울,강남구,매봉산실내배드민턴장,서울 강남구 남부순환로 2711,,,스포츠,37.490713,127.0586709
서울,송파구,잠실종합운동장 실내체육관,서울 송파구 올림픽로 25,02-2240-8809,http://stadium.seoul.go.kr/reserve/jamsil/inside-stadium,스포츠,37.5140929,127.0749534
서울,송파구,송파배드민턴체육관,서울 송파구 문정로 176,02-403-2839,http://www.songpagongdan.or.kr,스포츠,37.4935003,127.1382257
서울,송파구,케이스포돔 올림픽체조경기장,서울 송파구 올림픽로 424,,http://www.olympicpark.co.kr/jsp/homepage/contents/culture/venue_10.jsp,스포츠,37.5217853,127.1165203
서울,송파구,올림픽공원-제2체육관 펜싱 개방화장실,서울 송파구 올림픽로 424,,,스포츠,37.5217853,127.1165203
서울,송파구,서울특별시교육청 학생체육관,서울 송파구 올림픽로 25,02-422-2285,http://ssg.sen.go.kr,스포츠,37.5140929,127.0749534
서울,강동구,일자산해맞이공원 일자산제1체육관,서울 강동구 동남로 660,02-472-0311,https://www.igangdong.or.kr/page/ch/ch_020101.asp,스포츠,37.5330568,127.151191
서울,강동구,일자산제2체육관 주차장,서울 강동구 둔촌동 6-5,,,스포츠,37.5292656,127.1493706
서울,강동구,샘터배드민턴장,서울 강동구 동남로 990,02-2045-7875,http://www.igangdong.or.kr/page/ch/ch_0701.asp,스포츠,37.5372136,127.15142
서울,종로구,올림픽기념국민생활관,서울 종로구 성균관로 91 1층,02-745-6701,https://www.ijongno.co.kr/front/main/11,스포츠,37.59043399999999,126.9987747
서울,종로구,종로구민회관,서울 종로구 지봉로5길 7,02-3672-2530,,스포츠,37.5741155,127.0143203
서울,종로구,종로문화체육센터,서울 종로구 인왕산로1길 21,02-732-9392,http://www.ijongno.co.kr/front/main/41,스포츠,37.5742102,126.9646484
서울,중구,충무아트센터,서울 중구 퇴계로 387,02-2230-6600,http://www.caci.or.kr,스포츠,37.5660139,127.0148131
서울,중구,손기정문화체육센터,서울 중구 손기정로 101-4,02-2280-8450,https://www.e-junggu.or.kr/fmcs/220,스포츠,37.5556652,126.9645497
서울,중구,중구회현체육센터,서울 중구 퇴계로12길 78,02-2280-8430,https://www.e-junggu.or.kr/fmcs/59,스포츠,37.5560011,126.9816226
서울,중구,장충문화체육센터,서울 중구 퇴계로50길 59 장충공영주차장 4층,02-2280-8466,http://www.e-junggu.or.kr,스포츠,37.5599201,127.001293
서울,중구,남산타운 문화체육센터,서울 중구 다산로 32,02-2280-8480,,스포츠,37.5491389,127.0093824
서울,용산구,갈월종합사회복지관체육관,서울 용산구 두텁바위로 25,02-752-7887,http://galwol.or.kr/,스포츠,37.5457358,126.9747756
서울,용산구,갈월종합사회복지관체육관,서울 용산구 두텁바위로 25,02-752-7887,http://galwol.or.kr/,스포츠,37.5457358,126.9747756
서울,용산구,용산문화체육센터,서울 용산구 백범로 350,02-707-2492,https://www.yong-san.or.kr/site/cs/home,스포츠,37.5372099,126.9676133
서울,용산구,용산청소년센터,서울 용산구 이촌로71길 24,02-749-0102,https://yongsanyouth.or.kr/mber/home/ythCtrHome.do,스포츠,37.5211816,126.9732349
서울,성동구,성동구민종합체육센터,서울 성동구 왕십리로 89,02-2204-7600,http://sports.happysd.or.kr,스포츠,37.5458249,127.0440489
서울,중구,장충체육관,서울 중구 동호로 241,02-2128-2800,http://new.sisul.or.kr/open_content/jangchung/,스포츠,37.5581465,127.0065932
서울,성동구,마장국민체육센터,서울 성동구 마조로11길 6,02-2204-7640,https://sports.happysd.or.kr/,스포츠,37.5620828,127.0407557
서울,성동구,금호스포츠센터,서울 성동구 금호동4가 56,02-2204-7675,,스포츠,37.5455958,127.0250663
서울,성동구,성동구립용답체육센터,서울 성동구 천호대로78길 15-48 서울교통공사 별관 지하1층 성동구립용답체육센터,02-2204-6620,https://sports.happysd.or.kr,스포츠,37.5615781,127.0564014
서울,광진구,광진문화예술회관,서울 광진구 능동로 76,02-2049-4570,http://gjart.gwangjin.or.kr/,스포츠,37.53735289999999,127.0705248
서울,광진구,광진구민체육센터,서울 광진구 구천면로 14,02-2049-4800,http://gumin.gwangjin.or.kr/,스포츠,37.5461603,127.1065423
서울,광진구,중곡문화체육센터,서울 광진구 능동로 433,02-3408-4900,http://jgsports.gwangjin.or.kr,스포츠,37.5677533,127.0847135
서울,광진구,자양체육관,서울 광진구 뚝섬로52길 66,02-457-1515,http://sportsgjsc.or.kr,스포츠,37.5308541,127.0789306
서울,동대문구,동대문구민체육센터,서울 동대문구 장안벚꽃로 67,02-2247-9772,,스포츠,37.5668194,127.0739112
서울,동대문구,이문체육문화센터,서울 동대문구 한천로58길 81-49,02-963-0534,http://www.dfmc.kr/course/gym/imun.asp,스포츠,37.6022252,127.0686956
서울,동대문구,동대문 종합사회복지관,서울 동대문구 약령시로5길 22,02-920-4500,http://www.communitycenter.or.kr/,스포츠,37.5839428,127.0342231
서울,중랑구,중랑구민체육센터,서울 중랑구 신내로15길 189,02-3423-1070,https://www.jungnangimc.or.kr/,스포츠,37.6151721,127.0874763
서울,중랑구,면목2동체육관,서울 중랑구 겸재로23길 27 면목2동공영주차장 4층,02-495-5200,http://www.jungnangimc.or.kr,스포츠,37.5878763,127.0808914
서울,중랑구,중랑문화체육관,서울 중랑구 사가정로72길 47,02-436-9200,https://www.jungnangimc.or.kr/,스포츠,37.5792399,127.0959499
서울,중랑구,망우 청소년수련관 주차장,서울 중랑구 망우동 241-9,,,스포츠,37.6067959,127.1091598
서울,중랑구,골드레슬링 태릉,서울 중랑구 중랑역로 257 지하1층,010-5068-2580,https://www.instagram.com/gold_wrestling_taereung/,스포츠,37.6158303,127.0766497
서울,성북구,성북구민체육관,서울 성북구 화랑로13길 144,02-909-3497,http://www.gongdan.go.kr,스포츠,37.6106079,127.0403978
서울,성북구,성북구의회 개운산스포츠센터,서울 성북구 북악산로 949-60,02-925-9960,http://www.gongdan.go.kr,스포츠,37.5968341,127.0262406
서울,성북구,성북펜싱체육관,서울 성북구 종암로24가길 109,02-2241-0681,http://www.gongdan.go.kr,스포츠,37.6004726,127.036672
서울,성북구,해오름스포츠센터,서울 성북구 성북로4길 52 해오름어린이도서관 지하,02-2241-0671,http://www.gongdan.go.kr,스포츠,37.5940575,127.0105218
서울,성북구,성북구립휘트니스센터,서울 성북구 보문로29길 49 경동고등학교 동인관 지하1층,,,스포츠,37.5861997,127.0146321
서울,성북구,장위건강누림센터,서울 성북구 장위로21나길 18,02-2241-0171,,스포츠,37.6159142,127.0449088
서울,강북구,강북웰빙스포츠센터,서울 강북구 오현로31길 51,02-944-2900,https://www.gbcmc.or.kr/fmcs/1,스포츠,37.63039380000001,127.0377586
서울,강북구,강북문화예술회관,서울 강북구 삼각산로 85,02-944-3060,http://vr2.dreamvrad.net/gb_city_mc/index.html?s=pano8317,스포츠,37.6407291,127.013272
서울,도봉구,창동문화체육센터,서울 도봉구 노해로69길 132,02-901-5000,http://www.dobongsiseol.or.kr/index_sport.html,스포츠,37.6582713,127.0506149
서울,도봉구,도봉동실내스포츠센터,서울 도봉구 마들로 805,02-901-5170,https://www.dobongsiseol.or.kr,스포츠,37.6676581,127.049132
서울,노원구,중계구민체육센터,서울 노원구 노원로22길 1,02-2289-6700,https://www.nowonsc.kr/fmcs/73,스포츠,37.6481175,127.0706261
서울,노원구,월계구민체육센터,서울 노원구 월계로 298,02-2289-6888,http://www.nowonsc.kr,스포츠,37.6285057,127.0567724
서울,은평구,은평구민체육센터,서울 은평구 진관1로 40,02-350-5351,http://www.efmc.or.kr/public_html/sports/,스포츠,37.63043860000001,126.9236287
서울,서대문구,서대문문화체육회관,서울 서대문구 백련사길 39,02-360-8560,http://www.sscmc.or.kr/culture1,스포츠,37.5806516,126.9312702
서울,서대문구,북아현문화체육센터 아트홀,서울 서대문구 북아현로 51 지하 1층,02-360-8660,https://www.sscmc.or.kr/culture3,스포츠,37.5618524,126.955632
서울,마포구,염리생활체육관,서울 마포구 큰우물로 61,02-704-9400,http://mapogym.or.kr/,스포츠,37.5419405,126.9452062
서울,마포구,성미산체육관,서울 마포구 월드컵북로15길 31-11,02-324-9877,http://mapogym.or.kr,스포츠,37.5624546,126.9120641
서울,마포구,마포구민체육센터,서울 마포구 월드컵로25길 190,02-324-7800,http://www.maposc.or.kr,스포츠,37.557815,126.9041813
서울,마포구,망원나들목체육관,서울 마포구 동교로1길 45,02-332-6199,http://mapogym.or.kr/100,스포츠,37.5527833,126.9010609
서울,양천구,양천구민체육센터,서울 양천구 목동동로 87,02-2652-1792,http://www.ycs.or.kr/page/facility/sport/yangcheon.php,스포츠,37.5161786,126.8644212
서울,양천구,신월문화체육센터,서울 양천구 지양로 47,02-2605-4093,http://www.ycs.or.kr/page/facility/sport/shinwol.php,스포츠,37.5199255,126.8348562
서울,양천구,목동문화체육센터,서울 양천구 목동중앙본로 73,02-2062-1862,http://www.ycs.or.kr,스포츠,37.5427705,126.8690841
서울,마포구,마포주민편익시설,서울 마포구 월드컵북로44길 40,02-374-0400,http://www.mpcc.or.kr,스포츠,37.5766575,126.8953764
서울,양천구,알파레슬링,서울 양천구 목동중앙서로1길 17 지하 1층,010-7154-0721,https://www.instagram.com/alpha__wrestling,스포츠,37.5333202,126.8641716
서울,강서구,강서구민올림픽체육센터,서울 강서구 화곡로65길 62,02-3661-1999,https://sport.gssi.or.kr/page/sisul/01/,스포츠,37.5596266,126.8505729
서울,강서구,공항동 문화체육센터,서울 강서구 송정로 45,02-2666-9003,,스포츠,37.5585677,126.8100905
서울,강서구,마곡레포츠센터,서울 강서구 양천로 251,02-3663-7171,https://www.gssi.or.kr,스포츠,37.573161,126.8316806
서울,구로구,구로구민생활체육관,서울 구로구 새말로18길 31,02-858-5150,,스포츠,37.5051911,126.8927669
서울,구로구,구로구민생활체육관,서울 구로구 새말로18길 31,02-858-5150,,스포츠,37.5051911,126.8927669
서울,구로구,크로스핏 잭팟,서울 구로구 구로중앙로 134 리치몰 지하1층,02-6678-8022,http://cafe.naver.com/crossfitjackpot,스포츠,37.499958,126.884092
서울,구로구,신도림생활체육관,서울 구로구 경인로67길 149,1899-9912,https://www.gurosisul.or.kr,스포츠,37.5137246,126.8831881
서울,구로구,개웅산생활체육관,서울 구로구 개봉로3길 108-20,02-3666-0287,https://www.gurosisul.or.kr,스포츠,37.485685,126.8505602
서울,구로구,항동생활체육관,"서울 구로구 항동로 24 1,2층",02-2066-3002,,스포츠,37.481088,126.8250625
서울,금천구,금천구민문화체육센터,서울 금천구 독산로54길 188,02-861-1313,http://www.gfmc.kr/business2_01.html,스포츠,37.4702259,126.9070647
서울,금천구,금빛휘트니스센터,서울 금천구 금하로 668,02-802-9685,,스포츠,37.4525867,126.9043003
서울,금천구,금나래문화체육센터,서울 금천구 시흥대로79길 32,,http://www.gfmc.kr/business2_04.html,스포츠,37.45877,126.8973988
서울,금천구,독산어르신체육센터,서울 금천구 독산로54길 279,,,스포츠,37.4743832,126.9057832
서울,영등포구,영등포 제1스포츠센터,서울 영등포구 신풍로 1,02-2650-1500,http://www.y-sisul.or.kr/,스포츠,37.500488,126.9062483
서울,영등포구,영등포 제2스포츠센터,서울 영등포구 국회대로 615,02-2630-2900,http://www.y-sisul.or.kr/,스포츠,37.52689060000001,126.9048692
서울,동작구,흑석체육센터,서울 동작구 현충로 73,02-823-2273,http://www.idongjak.or.kr,스포츠,37.5100062,126.9634626
서울,동작구,동작구민체육센터,서울 동작구 여의대방로16길 53,02-849-0100,http://sports.idongjak.or.kr/home/40,스포츠,37.4946758,126.9167539
서울,동작구,사당문화회관,서울 동작구 사당로8길 9,02-588-4111,http://www.idongjak.or.kr,스포츠,37.4846829,126.9695996
서울,동작구,사당종합체육관,서울 동작구 사당로27길 232,02-595-5556,http://www.idongjak.or.kr,스포츠,37.4875595,126.9751922
서울,동작구,서울여성플라자 스포츠센터 수영장,서울 동작구 여의대방로54길 18 지하 2층,02-822-2426,http://www.womansports.co.kr,스포츠,37.5115519,126.9271787
서울,관악구,관악구민 종합체육센터,서울 관악구 낙성대로3길 37,02-875-1188,http://www.gwanakgongdan.or.kr,스포츠,37.473014,126.9603062
서울,관악구,까치산체육센터,서울 관악구 행운10길 23 1층,02-870-7690,https://www.gwanakgongdan.or.kr/fmcs/422,스포츠,37.481925,126.9616626
서울,서초구,언남문화체육센터,서울 서초구 동산로13길 35,02-577-7718,http://www.eonnamcscenter.com,스포츠,37.47258679999999,127.042718
서울,서초구,서초구민체육센터,서울 서초구 사평대로 55,02-591-6060,http://www.seochoymca.com,스포츠,37.4988259,126.9904937
서울,용산구,신동아체육관,서울 용산구 이촌로 347,02-794-4370,,스포츠,37.5191397,126.9890968
서울,서초구,지그재그운동발달센터,서울 서초구 서래로7길 20 지하1층,02-6339-7337,https://website--1614107536670411574173-gym.business.site/,스포츠,37.4988062,126.9971755
서울,서초구,방배열린문화센터,서울 서초구 방배로 173,02-535-2602,,스포츠,37.4889095,126.9922476
서울,서초구,서초종합체육관,서울 서초구 양재대로12길 73-48,02-577-9600,https://m.blog.naver.com/seochosc,스포츠,37.4599063,127.0420601
서울,강남구,강남구민체육관,서울 강남구 개포로28길 47,02-2176-0871,http://life.gangnam.go.kr,스포츠,37.477093,127.0518862
서울,송파구,그레이시 주짓수 송파,서울 송파구 송파대로 381 지하 1층,070-8065-2468,https://www.instagram.com/graciesongpa/,스포츠,37.5013701,127.1101469
서울,강남구,복싱인사이드짐 역삼직영점,서울 강남구 역삼로 159 젠텍타워 지하2층,02-561-7707,https://link.inpock.co.kr/boxinginsidegym,스포츠,37.4951591,127.036408
서울,강남구,강남주민편익시설,서울 강남구 남부순환로 3318,02-3412-2172,,스포츠,37.4940304,127.0928888
서울,송파구,서울곰두리체육센터,서울 송파구 동남로 271,02-404-6240,http://www.sgsc.or.kr/,스포츠,37.5010097,127.134043
서울,강동구,온조대왕문화체육관,서울 강동구 고덕로 285,02-2045-7800,http://www.igangdong.or.kr,스포츠,37.5562542,127.1577177
서울,강동구,해공체육문화센터,서울 강동구 천중로18길 61,02-2045-7651,https://www.igangdong.or.kr,스포츠,37.5420355,127.1298616
서울,강동구,강동유소년스포츠센터,서울 강동구 상일로12길 60,02-3428-7979,http://www.igangdong.or.kr/page/ch/ch_0601.asp,스포츠,37.5530573,127.1724614
서울,용산구,한강시민공원 게이트볼장,서울 용산구 서빙고동 287,,,스포츠,37.5176321,126.9944632
서울,용산구,한강시민공원 게이트볼장,서울 용산구 서빙고동 287,,,스포츠,37.5176321,126.9944632
서울,용산구,한강시민공원 게이트볼장,서울 용산구 서빙고동 287,,,스포츠,37.5176321,126.9944632
서울,성동구,서울숲 게이트볼장,서울 성동구 성수동1가 685-164,,,스포츠,37.5464698,127.0401285
서울,성동구,응봉체육공원 게이트볼장,서울 성동구 응봉동 9-4,,,스포츠,37.5522028,127.0386426
서울,성동구,대현산배수지공원,서울 성동구 금호로 172-1,02-2293-7646,,스포츠,37.556878,127.0217208
서울,중구,대현산배수지공원 게이트볼장,서울 중구 신당동 36,,,스포츠,37.5582194,127.0218991
서울,성동구,응봉체육공원 게이트볼장,서울 성동구 응봉동 9-4,,,스포츠,37.5522028,127.0386426
서울,광진구,아차산게이트볼장 개방화장실,서울 광진구 구의동 4,02-450-1375,,스포츠,37.5536054,127.0995191
서울,중랑구,망우저류조공원 게이트볼장,서울 중랑구 망우동 산 58,,,스포츠,37.5994886,127.1109637
서울,도봉구,시립창동게이트볼장,서울 도봉구 노해로69길 132,02-900-2001,,스포츠,37.6582713,127.0506149
서울,영등포구,앙카라공원 게이트볼장,서울 영등포구 여의도동 56,,,스포츠,37.5176788,126.9304405
서울,동작구,보라매공원 게이트볼장,서울 동작구 신대방동 395,,,스포츠,37.4932342,126.9197115
서울,용산구,한강시민공원 게이트볼장,서울 용산구 서빙고동 287,,,스포츠,37.5176321,126.9944632
서울,광진구,뚝섬한강공원 게이트볼장,서울 광진구 자양동 427-15,,,스포츠,37.5282948,127.0727167
서울,종로구,올림픽기념국민생활관 수영장,서울 종로구 성균관로 91,02-745-6701,https://www.ijongno.co.kr/front/main/11,스포츠,37.59043399999999,126.9987747
서울,종로구,종로구민회관 수영장,서울 종로구 지봉로5길 7-5 지하1층,02-3672-2530,https://www.ijongno.co.kr/front/main/21,스포츠,37.5734636,127.0143719
서울,중구,서울덕수초등학교 덕수수영장,서울 중구 덕수궁길 140,02-739-0283,http://deoksoo.sen.es.kr/105787/subMenu.do,스포츠,37.5685606,126.9744424
서울,중구,충무스포츠센터 수영장,서울 중구 퇴계로 387,02-2280-8400,https://www.e-junggu.or.kr/fmcs/40,스포츠,37.5660139,127.0148131
서울,용산구,용산문화체육센터 수영장,서울 용산구 백범로 350 지하 2층,,,스포츠,37.5372099,126.9676133
서울,용산구,용산문화체육센터 수영장,서울 용산구 백범로 350 지하 2층,,,스포츠,37.5372099,126.9676133
서울,용산구,갈월종합사회복지관 수영장,서울 용산구 두텁바위로 25 지하2층,02-752-7887,http://www.galwol.or.kr,스포츠,37.5457358,126.9747756
서울,용산구,갈월종합사회복지관 수영장,서울 용산구 두텁바위로 25 지하2층,02-752-7887,http://www.galwol.or.kr,스포츠,37.5457358,126.9747756
서울,성동구,성동구민종합체육센터,서울 성동구 왕십리로 89,02-2204-7600,http://sports.happysd.or.kr,스포츠,37.5458249,127.0440489
서울,성동구,열린금호교육문화관 수영장,서울 성동구 무수막길 69 지하 1층,02-2204-7650,https://sports.happysd.or.kr/contents/contents.do?gidx=120100,스포츠,37.5522036,127.0203276
서울,성동구,서울특별시립 성동청소년센터,서울 성동구 고산자로 260,02-2296-4062,http://sdyc.or.kr,스포츠,37.5630554,127.0367125
서울,광진구,뚝섬한강공원 뚝섬수영장,서울 광진구 자양동 112,02-452-5955,http://hangang.seoul.go.kr/archives/46886?tr_code=short,스포츠,37.5296395,127.067723
서울,광진구,광진문화예술회관 수영장,서울 광진구 능동로 76 지하 1층,02-2049-4577,http://gjart.gwangjin.or.kr,스포츠,37.53735289999999,127.0705248
서울,광진구,중곡문화체육센터 수영장,서울 광진구 능동로 433 1층,02-3408-4900,https://jgsports.gwangjin.or.kr,스포츠,37.5677533,127.0847135
서울,동대문구,동대문구민체육센터 수영장,서울 동대문구 장안벚꽃로 67 지하 2층,02-2247-9772,http://www.dfmc.kr/course/gym/sc.asp,스포츠,37.5668194,127.0739112
서울,용산구,갈월종합사회복지관 수영장,서울 용산구 두텁바위로 25 지하2층,02-752-7887,http://www.galwol.or.kr,스포츠,37.5457358,126.9747756
서울,동대문구,동대문구야외수영장,서울 동대문구 장안동 19-6,02-2247-9772,http://www.dfmc.kr/course/gym/swim.asp,스포츠,37.5693091,127.0770308
서울,동대문구,동대문청소년수련관 실내수영장,서울 동대문구 제기로33길 25,,http://www.ddmy.or.kr/new/02_program/index_1.php,스포츠,37.5872685,127.0499878
서울,중랑구,중랑구민체육센터 수영장,서울 중랑구 신내로15길 189 지하1층,02-3423-1070,https://jungnangimc.or.kr/,스포츠,37.6151721,127.0874763
서울,광진구,중곡문화체육센터 수영장,서울 광진구 능동로 433 1층,02-3408-4900,https://jgsports.gwangjin.or.kr,스포츠,37.5677533,127.0847135
서울,중랑구,서울중랑워터파크 (휴업중),서울 중랑구 면목동 727-24,02-3422-3400,https://www.jungnangimc.or.kr/html/01110100,스포츠,37.5781688,127.077466
서울,성북구,개운산스포츠센터 수영장,서울 성북구 북악산로 949-60,,http://www.gongdan.go.kr/gongdan/gus_sports/intro/intro.jsp,스포츠,37.5968341,127.0262406
서울,성북구,성북종합레포츠타운 수영장,서울 성북구 한천로58길 307 2층,02-6917-1100,https://www.gongdan.go.kr/portal/main/main.do,스포츠,37.6101671,127.0699682
서울,성북구,물빛수영장,서울 성북구 길음로7길 20 지하1층,02-2241-0151,http://www.gongdan.go.kr,스포츠,37.6036883,127.0226004
서울,성북구,시립성북청소년센터,서울 성북구 한천로 660-9,02-3292-1318,http://www.sbyouth.or.kr,스포츠,37.6184245,127.0557908
서울,강북구,강북문화예술회관,서울 강북구 삼각산로 85,02-944-3060,http://vr2.dreamvrad.net/gb_city_mc/index.html?s=pano8317,스포츠,37.6407291,127.013272
서울,노원구,중랑천워터파크,서울 노원구 상계동 770-6,02-952-6853,https://www.nowon.kr/www/info/info1/info1_08/info1_08_02.jsp,스포츠,37.6444435,127.056264
서울,은평구,로얄마린,서울 은평구 통일로 1010 아이파크포레스트게이트 지하2층,02-355-5200,http://royalmarine.co.kr,스포츠,37.632804,126.9184834
서울,은평구,은평통일로스포츠센터,서울 은평구 통일로 1045,02-353-7330,https://www.eptsports.or.kr,스포츠,37.6123992,126.9292744
서울,마포구,난지한강공원 강변물놀이장,서울 마포구 상암동 482-182,,http://hangang.seoul.go.kr/archives/46886?tr_code=short,스포츠,37.5640381,126.8794501
서울,마포구,마포평생학습관 실내수영장,서울 마포구 홍익로2길 16 지하1층,02-2137-0000,http://mpllc.sen.go.kr/mpllc/html.do?menu_idx=93,스포츠,37.5542685,126.9242273
서울,양천구,양천구민체육센터,서울 양천구 목동동로 87,02-2652-1792,http://www.ycs.or.kr/page/facility/sport/yangcheon.php,스포츠,37.5161786,126.8644212
서울,양천구,신월문화체육센터,서울 양천구 지양로 47,02-2605-4093,http://www.ycs.or.kr/page/facility/sport/shinwol.php,스포츠,37.5199255,126.8348562
서울,양천구,목동문화체육센터 수영장,서울 양천구 목동중앙본로 73 지하1층,1855-3433,https://www.ycs.or.kr/page/facility/sport/mokdong.php#tab2,스포츠,37.5427705,126.8690841
서울,양천구,목동청소년수련관 수영장,서울 양천구 목동서로 143,,http://www.wawa.or.kr,스포츠,37.5306952,126.8754462
서울,양천구,서부여성발전센터 수영장,서울 양천구 남부순환로 371 지하 1층,02-2607-8791,http://seobu.seoulwomanup.or.kr,스포츠,37.534104,126.8299266
서울,송파구,서울특별시교육청 학생체육관,서울 송파구 올림픽로 25,02-422-2285,http://ssg.sen.go.kr,스포츠,37.5140929,127.0749534
서울,구로구,서울시립 구로청소년센터,서울 구로구 구로동로 141,,http://www.guro1318.org,스포츠,37.4912729,126.8833142
서울,구로구,신도림생활체육관 수영장,서울 구로구 경인로67길 149 지하 2층,1899-9912,https://www.gurosisul.or.kr/mod.asp?m=business&s=b04,스포츠,37.5137246,126.8831881
서울,구로구,서울시50플러스 남부캠퍼스,서울 구로구 오류로 36-25,02-460-5350,http://50plus.or.kr/ssc,스포츠,37.4896792,126.840282
서울,금천구,금천구민문화체육센터 수영장,서울 금천구 독산로54길 188 지하 2층,02-861-1313,http://www.gfmc.kr/business2_01.html,스포츠,37.4702259,126.9070647
서울,구로구,서울시립 구로청소년센터,서울 구로구 구로동로 141,,http://www.guro1318.org,스포츠,37.4912729,126.8833142
서울,영등포구,신길종합사회복지관 수영장,서울 영등포구 영등포로84길 24-5 지하2층,02-831-2755,http://www.singil.org,스포츠,37.5111184,126.9214333
서울,영등포구,시립문래청소년센터,서울 영등포구 문래로 110,02-2167-0100,http://www.mullaeyouth.or.kr/,스포츠,37.5188211,126.8940158
서울,영등포구,여의도한강공원 수영장,서울 영등포구 여의도동 82-3,02-785-0478,https://hangang.seoul.go.kr/archives/46886,스포츠,37.5335258,126.9189134
서울,동작구,서울여성플라자 스포츠센터 수영장,서울 동작구 여의대방로54길 18 지하 2층,02-822-2426,http://www.womansports.co.kr,스포츠,37.5115519,126.9271787
서울,동작구,사당문화회관 수영장,서울 동작구 사당로8길 9 지하2층,02-588-4111,http://sports.idongjak.or.kr/home/59,스포츠,37.4846829,126.9695996
서울,동작구,흑석체육센터,서울 동작구 현충로 73,02-823-2273,http://www.idongjak.or.kr,스포츠,37.5100062,126.9634626
서울,동작구,동작삼일수영장,서울 동작구 사당로27길 지하 103,02-535-3341,http://sports.idongjak.or.kr,스포츠,37.4875595,126.9751922
서울,관악구,관악구민 종합체육센터 수영장,서울 관악구 낙성대로3길 37 지하 1층,02-875-1188,https://www.gwanakgongdan.or.kr,스포츠,37.473014,126.9603062
서울,관악구,신림체육센터 수영장,서울 관악구 난곡로58길 13 1층,,https://www.gwanakgongdan.or.kr/fmcs/26,스포츠,37.4801485,126.9161948
서울,서초구,잠원한강공원 수영장,서울 서초구 잠원동 121,02-536-8263,http://hangang.seoul.go.kr/archives/46886?tr_code=short,스포츠,37.5206865,127.0122724
서울,강남구,양재천물놀이장,서울 강남구 개포동 648-1,,,스포츠,37.4889261,127.0615304
서울,서초구,서초구민체육센터 수영장,서울 서초구 사평대로 55 지하1층,02-591-6060,http://www.seochoymca.com,스포츠,37.4988259,126.9904937
서울,관악구,관악구민 종합체육센터 수영장,서울 관악구 낙성대로3길 37 지하 1층,02-875-1188,https://www.gwanakgongdan.or.kr,스포츠,37.473014,126.9603062
서울,강남구,강남주민편익시설 수영장,서울 강남구 남부순환로 3318,02-3412-2171,http://ykasports.com,스포츠,37.4940304,127.0928888
서울,강남구,역삼청소년수련관 수영장,서울 강남구 논현로64길 7,02-550-3600,http://www.gyyc.kr,스포츠,37.4939252,127.0408998
서울,강남구,강남주민편익시설,서울 강남구 남부순환로 3318,02-3412-2172,,스포츠,37.4940304,127.0928888
서울,강남구,수서청소년수련관 수영장,서울 강남구 광평로 144 지하 2층,02-2226-3611,http://www.youtra.or.kr,스포츠,37.4835336,127.0887371
서울,송파구,올림픽수영장,서울 송파구 올림픽로 424,02-2180-3743,http://sports.ksponco.or.kr/index.es?sid=a3,스포츠,37.5217853,127.1165203
서울,송파구,잠실종합운동장 제1수영장,서울 송파구 올림픽로 25,02-2240-8751,http://stadium.seoul.go.kr/lecture/now,스포츠,37.5140929,127.0749534
서울,송파구,잠실종합운동장 제2수영장,서울 송파구 올림픽로 25,,https://stadium.seoul.go.kr/,스포츠,37.5140929,127.0749534
서울,송파구,공중전화 송파체육문화회관 지하2층 수영장,서울 송파구 양산로 15,,,스포츠,37.4907894,127.1428706
서울,송파구,잠실한강공원 수영장(2024년 6월예정),서울 송파구 잠실동 1-1,02-3780-0847,http://hangang.seoul.go.kr/archives/46886?tr_code=short,스포츠,37.5175896,127.0867236
서울,강동구,한강공원 광나루지구 수영장,서울 강동구 천호동 351-1,02-470-9561,http://hangang.seoul.go.kr/archives/46886?tr_code=short,스포츠,37.5464653,127.119443
서울,강동구,온조대왕문화체육관 수영장,서울 강동구 고덕로 285 지하 2층,02-2045-7800,http://www.igangdong.or.kr/page/ch/ch_0101.asp,스포츠,37.5562542,127.1577177
서울,강동구,고덕어울림수영장,서울 강동구 고덕로 399 센트럴 푸르지오 104동 지하1층,02-2045-7630,http://www.igangdong.or.kr/page/ch/ch_1201.asp,스포츠,37.5555874,127.1475975
서울,용산구,이촌한강공원 롤러스케이트장,서울 용산구 이촌동 370-1,,,스포츠,37.5192537,126.9654263
서울,성동구,살곶이체육공원 인라인스케이트장,서울 성동구 사근동 104,,,스포츠,37.553807,127.048259
서울,성동구,서울숲 스케이트파크,서울 성동구 성수동1가 685-707,,,스포츠,37.5453077,127.0422698
서울,성동구,살곶이체육공원 인라인스케이트장,서울 성동구 사근동 104,,,스포츠,37.553807,127.048259
서울,구로구,안양천오금교 인라인스케이트장,서울 구로구 신도림동 285-22,02-2652-9992,,스포츠,37.5090392,126.8749115
서울,양천구,안양천목동교 인라인스케이트장,서울 양천구 목동 411,02-2652-9993,,스포츠,37.532861,126.8887397
서울,관악구,롤러팡팡,서울 관악구 신림로 340 르네상스 10층,02-875-5800,,스포츠,,
서울,서초구,롤러씨티,서울 서초구 반포대로 306 지하1층,0507-1319-7805,https://blog.naver.com/nuknukhada/,스포츠,37.5063208,127.0008775
서울,종로구,황학정,서울 종로구 사직로9길 15-32,02-732-1582,http://www.hwanghakjeong.org/,스포츠,37.5780479,126.9639534
서울,성동구,살곶이정,서울 성동구 용답동 241-10,,,스포츠,37.5582139,127.0696047
서울,마포구,난지국궁장,서울 마포구 상암동 496-171,,,스포츠,37.5744366,126.8633979
서울,양천구,영학정,서울 양천구 안양천로 916,,http://www.hwalsarang.com,스포츠,37.5283271,126.8800082
서울,강서구,공항정,서울 강서구 우장산로 72,02-2698-0507,http://cafe.daum.net/rhdgkdwjd,스포츠,37.5496169,126.842351
서울,관악구,관악정,서울 관악구 관악로12길 16,02-8770-5151,,스포츠,37.47795790000001,126.9532517
서울,중구,충무아트홀 스포츠센터 골프연습장,서울 중구 퇴계로 387,02-2280-8411,,스포츠,37.5660139,127.0148131
서울,중구,손기정문화체육센터 골프연습장,서울 중구 손기정로 101-4,02-2280-8390,http://e-junggu.or.kr/?code=20&amp;subp=1010_1,스포츠,37.5556652,126.9645497
서울,광진구,광진문화예술회관,서울 광진구 능동로 76,02-2049-4570,http://gjart.gwangjin.or.kr/,스포츠,37.53735289999999,127.0705248
서울,광진구,광진구민체육센터,서울 광진구 구천면로 14,02-2049-4800,http://gumin.gwangjin.or.kr/,스포츠,37.5461603,127.1065423
서울,동대문구,이문체육문화센터 골프연습장,서울 동대문구 한천로58길 81-49,,,스포츠,37.6022252,127.0686956
서울,성북구,북악골프연습장,서울 성북구 북악산로 537-14,02-919-4040,http://www.gongdan.go.kr,스포츠,37.6025709,126.9980322
서울,성북구,성북종합레포츠타운,서울 성북구 한천로58길 307,02-6917-1100,http://www.gongdan.go.kr,스포츠,37.6101671,127.0699682
서울,강북구,강북오동골프클럽,서울 강북구 오현로 117,02-944-2951,,스포츠,37.6225862,127.0362994
서울,은평구,골프존파크 진관뉴타운점,서울 은평구 진관3로 37 에코테라스 2층,02-387-0753,http://www.golfzonpark.com/,스포츠,37.6380346,126.9191745
서울,마포구,골프존파크 노고산 신촌역점,서울 마포구 백범로 8 우정마샹스 오피스텔 지하3층,02-717-0759,,스포츠,37.5539635,126.9367116
서울,금천구,골프존파크 독산그린힐골프점,서울 금천구 시흥대로 414 세울빌딩 지하1층,02-861-0753,http://www.golfzonpark.com,스포츠,37.4705144,126.8985388
서울,서초구,언남문화체육센터 골프연습장,서울 서초구 동산로13길 35,02-577-7718,,스포츠,37.47258679999999,127.042718
서울,강남구,강남스포츠문화센터 골프연습장,서울 강남구 밤고개로1길 52,02-2176-0801,,스포츠,37.4889672,127.1052745
서울,송파구,올림픽골프교실,서울 송파구 올림픽로 424 올림픽공원내,02-410-1282,,스포츠,37.5206868,127.1214941
서울,송파구,송파구체육문화회관 골프연습장,서울 송파구 양산로 15,02-402-3291,http://www.esongpa.or.kr,스포츠,37.4907894,127.1428706
서울,노원구,태릉국제스케이트장,서울 노원구 화랑로 727,02-970-0501,https://icerink.sports.or.kr/,스포츠,37.6335672,127.0967967
서울,노원구,태릉선수촌 실내빙상장,서울 노원구 화랑로 727,02-970-0501,,스포츠,37.6335672,127.0967967
서울,양천구,목동종합운동장 목동아이스링크,서울 양천구 안양천로 939,02-2649-8454,http://www.mdicerink.com,스포츠,37.5305809,126.8810483
